ID,original_date,modis_date
05247_ID,2001-07-01,
05418_ID,2001-07-01,2002-05-27 00:00:00.000000000
00408_ID,2001-09-16,
07272_ID,2001-01-01,2002-01-20 00:00:00.000000000
07284_ID,2001-01-01,
07285_ID,2001-01-01,
07287_ID,2001-01-01,
07293_ID,2001-01-01,
00403_ID,2001-09-16,
00405_ID,2001-09-16,
00406_ID,2001-09-16,
00410_ID,2001-09-16,
00411_ID,2001-09-16,2001-10-25 00:00:00.000000000
10509_ID,2001-09-16,
10515_ID,2001-09-16,
10518_ID,2001-09-16,2001-11-10 00:00:00.000000000
10520_ID,2001-09-16,
10521_ID,2001-09-16,
10522_ID,2001-09-16,
10525_ID,2001-07-01,
10527_ID,2001-07-01,
10530_ID,2001-09-16,2001-11-26 00:00:00.000000000
10531_ID,2001-09-16,
10536_ID,2001-09-16,
10537_ID,2001-09-16,
10539_ID,2001-07-01,
10541_ID,2001-07-01,
10542_ID,2001-07-01,
10543_ID,2001-07-01,
10544_ID,2001-07-01,
10545_ID,2001-09-16,
10546_ID,2001-07-01,
10547_ID,2001-09-16,
10548_ID,2001-09-16,
10550_ID,2001-09-16,
10553_ID,2001-09-16,
10554_ID,2001-09-16,
10555_ID,2001-09-16,
10556_ID,2001-09-16,
10558_ID,2001-09-16,
10561_ID,2001-07-01,
10565_ID,2001-09-16,
10568_ID,2001-09-16,
10570_ID,2001-09-16,
10573_ID,2001-09-16,
10575_ID,2001-09-16,
10583_ID,2001-09-16,
10584_ID,2001-09-16,
10591_ID,2001-09-16,
10593_ID,2001-09-16,2001-11-01 23:59:59.999999872
10596_ID,2001-09-16,
10597_ID,2001-09-16,
10602_ID,2001-09-16,2001-11-01 00:00:00.000000000
10609_ID,2001-09-16,
10631_ID,2001-09-16,2001-10-25 00:00:00.000000000
10632_ID,2001-09-16,2001-10-25 00:00:00.000000000
10633_ID,2001-09-16,2001-11-10 00:00:00.000000000
10653_ID,2001-09-16,
10654_ID,2001-09-16,
10667_ID,2001-09-16,
17748_ID,2001-04-01,
17753_ID,2001-04-01,2001-05-24 00:00:00.000000000
17754_ID,2001-04-01,2001-04-27 00:00:00.000000000
17760_ID,2001-04-01,2001-05-04 00:00:00.000000000
17765_ID,2001-04-01,
17766_ID,2001-04-01,2001-05-03 23:59:59.999999872
17767_ID,2001-04-01,
17770_ID,2001-04-01,
17772_ID,2001-04-01,2001-04-27 00:00:00.000000000
17783_ID,2001-04-01,
17784_ID,2001-04-01,
17789_ID,2001-04-01,
17797_ID,2001-04-01,
17799_ID,2001-04-01,2001-05-22 00:00:00.000000000
17801_ID,2001-04-01,
00370_ID,2001-07-01,
00371_ID,2001-09-16,
00372_ID,2001-09-16,
00375_ID,2001-07-01,
00376_ID,2001-07-01,
00377_ID,2001-07-01,
00379_ID,2001-07-01,
00381_ID,2001-09-16,
00382_ID,2001-07-01,
00383_ID,2001-07-01,
00384_ID,2001-09-16,
00385_ID,2001-09-16,
00388_ID,2001-09-16,2001-10-16 00:00:00.000000000
00389_ID,2001-09-16,
00390_ID,2001-07-01,
00391_ID,2001-09-16,
00393_ID,2001-09-16,
00394_ID,2001-09-16,
00395_ID,2001-09-16,
00396_ID,2001-09-16,2001-11-10 00:00:00.000000000
00397_ID,2001-09-16,2001-11-10 00:00:00.000000000
00398_ID,2001-09-16,2001-10-24 23:59:59.999999744
00399_ID,2001-09-16,2001-10-25 00:00:00.000000000
00400_ID,2001-09-16,
00401_ID,2001-09-16,
00402_ID,2001-09-16,2001-10-25 00:00:00.000000000
07227_ID,2001-04-01,
07229_ID,2001-04-01,
07230_ID,2001-04-01,
07231_ID,2001-04-01,
07235_ID,2001-04-01,
10690_ID,2001-12-28,
17803_ID,2001-01-05,
17804_ID,2001-01-01,
20105_ID,2001-11-05,
10678_ID,2001-09-16,
10679_ID,2001-09-16,
10680_ID,2001-07-01,
10168_ID,2001-06-01,
10169_ID,2001-06-01,
10170_ID,2001-06-01,
05400_ID,2002-07-01,2002-05-25 00:00:00.000000000
10298_ID,2002-01-01,
10313_ID,2002-01-01,
10314_ID,2002-01-01,
10321_ID,2002-01-01,2002-05-30 00:00:00.000000000
00278_ID,2002-01-01,
00304_ID,2002-01-01,
00329_ID,2002-01-01,2002-12-06 00:00:00.000000000
00331_ID,2002-01-01,
00336_ID,2002-04-01,2002-06-07 00:00:00.000000000
00339_ID,2002-01-01,2002-05-26 00:00:00.000000000
09875_ID,2002-11-01,2002-11-20 00:00:00.000001024
10187_ID,2002-01-01,
10214_ID,2002-01-01,
10222_ID,2002-01-01,2001-05-04 00:00:00.000000000
10225_ID,2002-01-01,
10235_ID,2002-01-01,2003-01-18 00:00:00.000000000
10236_ID,2002-01-01,
10239_ID,2002-01-01,2003-01-07 00:00:00.000000128
10245_ID,2002-01-01,2002-11-20 00:00:00.000000000
10247_ID,2002-01-01,
10258_ID,2002-01-01,2002-05-30 00:00:00.000000000
10264_ID,2002-01-01,
10284_ID,2002-01-01,2003-01-09 00:00:00.000000000
10285_ID,2002-01-01,
10295_ID,2002-01-01,2002-12-19 00:00:00.000000000
10466_ID,2002-01-01,2002-01-24 23:59:59.999999488
10469_ID,2002-01-01,
10475_ID,2002-01-01,2002-05-30 00:00:00.000000000
10478_ID,2002-01-01,2002-03-13 00:00:00.000000000
10481_ID,2002-01-01,
10485_ID,2002-01-01,2001-12-26 00:00:00.000000000
10496_ID,2002-01-01,
10497_ID,2002-01-01,
10716_ID,2002-11-15,2002-11-19 23:59:59.999999872
10757_ID,2003-02-01,2003-03-19 23:59:59.999999360
10758_ID,2003-02-01,2003-03-19 23:59:59.999999872
00142_ID,2002-01-01,
00152_ID,2002-01-01,
00166_ID,2002-01-01,2002-12-20 23:59:59.999999872
00173_ID,2002-01-01,2003-01-02 00:00:00.000000000
00175_ID,2002-01-01,2002-12-08 00:00:00.000000000
00192_ID,2002-01-01,
00203_ID,2002-01-01,2003-01-29 00:00:00.000000000
00206_ID,2002-01-01,
00212_ID,2002-01-01,
00217_ID,2002-01-01,
00222_ID,2002-01-01,2003-01-14 00:00:00.000000128
00224_ID,2002-01-01,
00229_ID,2002-01-01,
00232_ID,2002-01-01,2002-12-22 00:00:00.000000000
00235_ID,2002-01-01,2002-12-08 00:00:00.000000000
00248_ID,2002-01-01,
00269_ID,2002-01-01,
00275_ID,2002-01-01,2002-12-17 00:00:00.000000000
10075_ID,2002-09-16,2002-11-09 00:00:00.000000000
10076_ID,2002-09-16,
10077_ID,2002-09-16,2002-11-13 00:00:00.000000000
10078_ID,2002-09-16,2002-11-13 00:00:00.000000128
10079_ID,2002-09-16,2002-12-05 23:59:59.999999744
10080_ID,2002-09-16,2002-11-13 00:00:00.000000000
10081_ID,2002-09-16,2002-12-04 00:00:00.000000000
10082_ID,2002-09-16,2002-12-10 00:00:00.000000000
10083_ID,2002-09-16,2002-12-08 00:00:00.000000000
10084_ID,2002-09-16,2002-12-10 00:00:00.000000000
10087_ID,2002-09-16,
10089_ID,2002-09-16,
10090_ID,2002-09-16,2002-12-10 00:00:00.000000000
10091_ID,2002-09-16,
10092_ID,2002-09-16,
10093_ID,2002-09-16,2002-11-13 00:00:00.000000000
10097_ID,2002-09-16,
10098_ID,2002-09-16,
10099_ID,2002-09-16,2002-12-04 00:00:00.000000000
10101_ID,2002-09-16,
10102_ID,2002-09-16,2002-11-09 00:00:00.000000000
10103_ID,2002-09-16,
10104_ID,2002-09-16,2002-11-28 23:59:59.999999872
10105_ID,2002-09-16,
10107_ID,2002-09-16,
10108_ID,2002-09-16,2002-11-12 23:59:59.999999872
10110_ID,2002-09-16,2002-11-13 00:00:00.000000000
10112_ID,2002-09-16,
10113_ID,2002-09-16,2002-11-13 00:00:00.000000128
10114_ID,2002-09-16,
10115_ID,2002-09-16,2002-10-31 23:59:59.999999872
10335_ID,2002-01-01,2001-12-17 00:00:00.000000000
10362_ID,2002-01-01,2001-12-17 00:00:00.000000000
10373_ID,2002-01-01,
10375_ID,2002-04-01,
10380_ID,2002-01-01,2002-11-25 00:00:00.000000000
10383_ID,2002-04-01,
10385_ID,2002-04-01,
10398_ID,2002-01-01,
10405_ID,2002-01-01,
10406_ID,2002-01-01,
10410_ID,2002-01-01,
10420_ID,2002-04-01,
10426_ID,2002-01-01,2001-12-16 00:00:00.000000000
10431_ID,2002-04-01,
10433_ID,2002-04-01,
10437_ID,2002-04-01,2003-01-04 00:00:00.000000000
10438_ID,2002-04-01,2002-11-08 00:00:00.000000000
10440_ID,2002-04-01,2002-11-20 00:00:00.000000000
10445_ID,2002-04-01,
10451_ID,2002-04-01,
10456_ID,2002-04-01,
10459_ID,2002-04-01,2002-12-06 00:00:00.000000000
10460_ID,2002-04-01,2002-11-13 00:00:00.000000000
10461_ID,2002-04-01,
10715_ID,2002-09-16,2002-11-13 00:00:00.000000128
10723_ID,2002-12-01,2002-10-23 00:00:00.000000000
00049_ID,2002-09-16,2002-10-30 00:00:00.000000000
00052_ID,2002-09-16,
00053_ID,2002-09-16,
00054_ID,2002-09-16,
00055_ID,2002-09-16,2003-03-21 00:00:00.000000000
00056_ID,2002-09-16,
00057_ID,2002-09-16,2002-05-26 00:00:00.000000000
00058_ID,2002-09-16,2002-11-13 00:00:00.000000000
00059_ID,2002-07-01,
00060_ID,2002-07-01,2002-03-04 00:00:00.000000000
00061_ID,2002-09-16,2002-11-12 23:59:59.999999872
00062_ID,2002-09-16,2002-11-13 00:00:00.000000000
00063_ID,2002-09-16,
00064_ID,2002-09-16,2002-11-04 00:00:00.000000000
00065_ID,2002-09-16,
00066_ID,2002-09-16,2002-10-25 00:00:00.000000000
00067_ID,2002-07-01,
00068_ID,2002-09-16,2002-10-21 00:00:00.000000000
00069_ID,2002-09-16,2002-11-04 00:00:00.000000000
00071_ID,2002-09-16,
00072_ID,2002-07-01,2002-09-18 23:59:59.999999872
00073_ID,2002-09-16,2002-10-09 00:00:00.000000256
00075_ID,2002-07-01,
00083_ID,2002-09-16,2002-09-30 00:00:00.000000000
00084_ID,2002-07-01,2002-08-27 00:00:00.000000000
00086_ID,2002-09-16,2002-12-06 16:02:08.836091008
00364_ID,2002-04-01,
00365_ID,2002-04-01,
00366_ID,2002-04-01,
00367_ID,2002-04-01,
10094_ID,2002-09-16,
10502_ID,2002-01-01,
10717_ID,2002-11-15,
10720_ID,2002-11-15,2002-11-20 00:00:00.000000000
20104_ID,2002-02-12,
18181_ID,2003-07-01,
00591_ID,2003-11-03,2003-11-08 23:59:59.999999872
00593_ID,2003-10-30,2003-11-07 00:00:00.000000384
11058_ID,2003-11-06,2003-11-09 00:00:00.000000000
11059_ID,2003-11-12,2003-11-21 00:00:00.000000000
11069_ID,2003-11-02,
11076_ID,2003-12-27,2003-12-31 23:56:18.588441088
00609_ID,2003-11-30,
00610_ID,2003-11-08,2003-11-13 00:00:00.000000000
00623_ID,2003-12-27,2004-01-02 23:59:59.999999744
00628_ID,2003-12-27,2004-05-05 00:00:00.000000000
09884_ID,2003-04-01,2003-11-09 00:00:00.000000000
09885_ID,2003-04-01,
09886_ID,2003-04-01,
09888_ID,2003-04-01,2003-05-03 00:00:00.000000000
09889_ID,2003-04-01,2003-05-09 23:59:59.999999872
09890_ID,2003-04-01,2003-05-28 00:00:00.000000000
09891_ID,2003-04-01,
09893_ID,2003-04-01,
09897_ID,2003-04-01,
09899_ID,2003-04-01,
09903_ID,2003-04-01,
09904_ID,2003-04-01,
09907_ID,2003-04-01,
09909_ID,2003-04-01,2003-06-08 00:00:00.000000000
09925_ID,2003-04-01,
09928_ID,2003-04-01,
09929_ID,2003-04-01,2003-05-28 00:00:00.000000000
09936_ID,2003-04-01,
09945_ID,2003-01-01,
09963_ID,2003-04-01,
09978_ID,2003-04-01,
09980_ID,2003-04-01,
09983_ID,2003-04-01,2003-11-09 00:00:00.000000000
09985_ID,2003-04-01,
09986_ID,2003-04-01,
09987_ID,2003-04-01,
09988_ID,2003-04-01,
09990_ID,2003-04-01,
09993_ID,2003-04-01,
09994_ID,2003-04-01,
09995_ID,2003-04-01,
09998_ID,2003-04-01,2002-11-13 00:00:00.000000000
10009_ID,2003-04-01,2003-05-07 00:00:00.000000000
10013_ID,2003-04-01,2003-04-29 00:00:00.000000000
10029_ID,2003-04-01,2003-05-10 00:00:00.000000000
10030_ID,2003-04-01,2003-05-10 00:00:00.000000000
10031_ID,2003-04-01,
10032_ID,2003-04-01,2003-05-10 00:00:00.000000000
10033_ID,2003-04-01,2003-05-12 00:00:00.000000000
10035_ID,2003-04-01,2003-05-03 00:00:00.000000000
10042_ID,2003-04-01,2003-05-10 00:00:00.000000256
10043_ID,2003-04-01,2003-05-03 00:00:00.000000000
00029_ID,2003-04-01,2002-12-06 00:00:00.000000000
00030_ID,2003-04-01,2002-12-17 00:00:00.000000000
00031_ID,2003-04-01,
00037_ID,2003-04-01,2003-11-09 00:00:00.000000000
00039_ID,2003-04-01,
00040_ID,2003-04-01,2003-06-04 00:00:00.000000000
00041_ID,2003-04-01,
00042_ID,2003-04-01,2003-11-09 00:00:00.000000000
00043_ID,2003-04-01,
00044_ID,2003-04-01,
00045_ID,2003-04-01,
00459_ID,2003-01-01,
00460_ID,2003-01-01,2002-12-22 00:00:00.000000000
11031_ID,2003-11-13,2003-11-11 00:00:00.000000000
11033_ID,2003-12-16,2003-12-04 00:00:00.000000256
11038_ID,2003-12-26,2003-11-10 23:59:59.999999744
11051_ID,2003-12-04,2003-12-12 23:59:59.999999872
10989_ID,2003-12-16,2003-11-23 00:00:00.000000512
10990_ID,2003-12-17,
10995_ID,2003-12-22,
10997_ID,2003-10-10,
10998_ID,2003-11-08,2003-11-11 00:04:09.253326592
11009_ID,2003-12-12,2003-12-13 00:00:00.000000000
11023_ID,2003-11-23,
11025_ID,2003-12-14,
11026_ID,2003-12-03,2003-12-04 00:00:00.000000000
11032_ID,2003-12-11,2003-11-09 00:00:00.000000000
11035_ID,2003-11-06,2003-11-16 00:00:00.000000000
11036_ID,2003-11-07,2003-11-09 00:00:00.000000000
11037_ID,2003-12-14,
11039_ID,2003-12-12,
11040_ID,2003-12-04,
11041_ID,2003-11-28,2003-12-02 00:00:00.000000000
11042_ID,2003-10-23,2003-11-02 00:00:00.000000000
11046_ID,2003-10-09,
11047_ID,2003-12-11,2003-12-16 00:00:00.000000000
11048_ID,2003-11-05,2003-11-09 00:00:00.000000000
11049_ID,2003-10-07,2004-05-23 00:00:00.000000000
11050_ID,2003-11-26,2003-12-04 00:00:00.000000000
00571_ID,2003-10-23,
00576_ID,2003-10-22,2002-11-09 00:00:00.000000000
00579_ID,2003-10-11,
00580_ID,2003-11-21,
00583_ID,2003-10-22,
00585_ID,2003-10-06,
00586_ID,2003-10-07,2002-11-04 00:00:00.000000000
00587_ID,2003-11-28,2003-12-04 00:00:00.000000000
00588_ID,2003-10-29,
00589_ID,2003-10-16,
00590_ID,2003-11-27,2003-12-04 00:00:00.000000000
00592_ID,2003-10-16,2003-10-20 00:00:00.000000000
00594_ID,2003-09-02,
00596_ID,2003-11-04,2003-11-09 00:00:00.000000000
00597_ID,2003-09-08,
00598_ID,2003-11-27,2003-11-30 00:00:00.000000000
00599_ID,2003-10-24,2003-11-02 00:00:00.000000512
11001_ID,2003-11-10,
11004_ID,2003-11-11,2003-11-21 00:00:00.000000000
11005_ID,2003-11-11,
11008_ID,2003-11-10,2003-11-11 00:00:00.000000000
11013_ID,2003-12-16,
11014_ID,2003-12-13,2003-12-16 00:00:00.000000000
11018_ID,2003-11-06,2003-11-07 00:00:00.000000000
11022_ID,2003-12-04,
11024_ID,2003-12-04,
11034_ID,2003-12-06,
11043_ID,2003-10-24,2003-11-02 00:00:00.000000000
11044_ID,2003-11-06,2003-11-09 00:00:00.000000000
11045_ID,2003-11-26,2003-12-04 00:00:00.000000000
00595_ID,2003-11-04,2003-11-09 00:00:00.000000000
00600_ID,2003-10-24,2003-11-02 00:00:00.000000000
09877_ID,2003-01-01,
09878_ID,2003-01-01,2003-04-29 00:00:00.000000000
10044_ID,2003-01-20,2003-01-27 00:00:00.000000000
10045_ID,2003-05-04,
10047_ID,2003-03-09,2003-03-10 23:59:59.999999744
10048_ID,2003-01-01,
10049_ID,2003-01-01,2003-02-18 00:00:00.000000000
10051_ID,2003-01-01,2004-01-01 00:00:00.000000128
11083_ID,2003-12-29,2004-01-03 00:00:00.000000000
20109_ID,2003-12-04,2003-12-13 00:00:00.000000000
20111_ID,2003-11-13,
11088_ID,2003-09-16,
18190_ID,2004-07-01,
10937_ID,2004-05-04,
10944_ID,2004-05-04,2004-05-14 00:00:00.000000000
10946_ID,2004-05-05,2005-04-04 00:00:00.000000000
10956_ID,2004-05-04,2004-05-12 00:00:00.000000000
10959_ID,2004-05-06,2004-05-26 00:00:00.000000000
10961_ID,2004-03-14,
10966_ID,2004-05-06,2004-05-07 00:00:00.000000000
10968_ID,2004-05-05,2004-05-16 00:00:00.000000000
10980_ID,2004-05-06,2004-05-16 00:00:00.000000000
11359_ID,2004-10-27,2004-11-07 00:00:00.000000000
11366_ID,2004-12-08,2004-12-11 00:00:00.000000256
11368_ID,2004-11-07,2004-11-14 00:00:00.000000000
00510_ID,2004-02-11,2004-02-15 00:00:00.000000000
00512_ID,2004-01-10,2004-01-12 00:00:00.000000000
00517_ID,2004-01-23,2004-01-26 00:00:00.000000000
00521_ID,2004-02-15,
00532_ID,2004-03-01,2004-03-07 00:00:00.000000000
00533_ID,2004-02-03,2004-02-06 00:00:00.000000000
00540_ID,2004-02-03,
00559_ID,2004-05-04,2004-05-11 00:00:00.000000128
00570_ID,2004-02-03,2004-02-06 01:01:53.467048576
00794_ID,2004-11-21,
00824_ID,2004-10-28,2004-11-04 00:00:00.000000000
00826_ID,2004-12-28,2005-01-03 00:00:00.000000000
00830_ID,2004-11-21,2004-11-22 00:00:00.000000000
00847_ID,2004-12-18,2004-12-20 00:00:00.000000000
00853_ID,2004-12-15,2004-12-18 00:00:00.000000000
00866_ID,2004-12-20,2004-12-27 01:51:49.820316160
00871_ID,2004-12-13,2004-12-18 00:00:00.000000000
10142_ID,2004-04-07,2004-03-21 00:00:00.000000000
10749_ID,2004-05-07,2004-05-07 00:00:00.000000000
10770_ID,2004-05-27,
10823_ID,2004-01-21,
10832_ID,2004-04-02,
10837_ID,2004-02-05,
10871_ID,2004-05-27,2004-05-28 00:00:00.000000000
10879_ID,2004-05-27,
10882_ID,2004-05-27,
10893_ID,2004-05-27,
10894_ID,2004-05-27,
10895_ID,2004-05-27,
10897_ID,2004-03-25,2004-03-22 00:00:00.000000000
10901_ID,2004-03-25,
10902_ID,2004-03-17,2004-03-25 00:00:00.000000128
10906_ID,2004-04-05,2003-11-11 00:00:00.000000000
10907_ID,2004-05-03,2004-05-16 00:00:00.000000000
10908_ID,2004-04-16,2004-04-26 00:00:00.000000000
10909_ID,2004-03-15,2004-03-18 00:00:00.000000000
10911_ID,2004-05-05,2004-04-10 00:00:00.000000000
10912_ID,2004-01-02,2004-01-03 00:00:00.000000000
10913_ID,2004-04-05,2004-05-05 05:45:53.880266112
11284_ID,2004-11-21,2004-12-05 23:59:59.999999744
11285_ID,2004-10-25,2004-10-25 23:59:59.999999872
11323_ID,2004-12-08,2004-12-31 00:00:00.000000000
11324_ID,2004-10-26,2004-10-27 00:00:00.000000000
11326_ID,2004-12-02,2004-12-03 23:59:59.999999488
11327_ID,2004-11-20,2004-11-07 00:00:00.000000000
11390_ID,2004-12-15,2004-11-06 23:59:59.999999744
00496_ID,2004-04-30,2004-05-05 00:00:00.000000000
00499_ID,2004-04-27,2004-05-05 00:00:00.000000000
00500_ID,2004-04-23,2004-04-26 00:00:00.000000128
00767_ID,2004-10-24,2003-12-07 00:00:00.000000000
00770_ID,2004-10-30,2004-10-25 23:59:59.999999872
00778_ID,2004-10-15,2004-10-21 23:59:59.999999872
00783_ID,2004-09-17,2005-01-21 00:00:00.000000000
00784_ID,2004-11-19,2004-12-04 00:00:00.000000000
00785_ID,2004-11-19,2004-11-13 00:00:00.000000000
00787_ID,2004-10-24,2004-10-27 23:59:59.999999872
00788_ID,2004-11-19,2004-12-04 00:00:00.000000000
00789_ID,2004-12-02,2004-12-06 00:00:00.000000256
00791_ID,2004-10-28,2004-11-04 00:00:00.000000000
10745_ID,2004-05-14,
10746_ID,2004-05-04,
10751_ID,2004-02-03,
10754_ID,2004-05-07,2004-05-05 00:00:00.000000000
10756_ID,2004-05-07,2004-05-12 00:00:00.000000000
10763_ID,2004-04-01,2004-04-08 00:00:00.000000128
10777_ID,2004-01-27,
10779_ID,2004-01-12,
10780_ID,2004-03-24,
10781_ID,2004-01-28,
10782_ID,2004-05-07,2004-05-16 00:00:00.000000000
10783_ID,2004-04-07,
10785_ID,2004-05-07,
10787_ID,2004-05-05,
10788_ID,2004-05-07,2004-05-11 00:00:00.000000000
10789_ID,2004-05-07,2004-05-05 00:00:00.000000000
10790_ID,2004-05-07,2004-05-12 00:00:00.000000000
10794_ID,2004-05-07,2004-05-12 00:00:00.000000000
10798_ID,2004-05-07,2004-05-11 00:00:00.000000000
10804_ID,2004-05-07,2004-05-05 00:00:00.000000000
10806_ID,2004-03-12,2004-03-21 09:27:13.454783104
10810_ID,2004-05-07,2004-04-10 00:00:00.000000000
10814_ID,2004-02-05,
10818_ID,2004-01-20,2003-06-15 00:00:00.000000000
10833_ID,2004-01-09,
10843_ID,2004-03-25,2004-03-29 00:00:00.000000000
10854_ID,2004-01-09,
10855_ID,2004-04-26,2003-12-06 00:00:00.000000000
10885_ID,2004-04-28,
10904_ID,2004-05-05,
10905_ID,2004-05-05,
10910_ID,2004-04-29,
10914_ID,2004-04-28,
10915_ID,2004-05-01,2004-05-04 23:59:59.999999744
10918_ID,2004-04-28,2004-05-05 00:00:00.000000000
10919_ID,2004-04-29,
10920_ID,2004-05-02,
10921_ID,2004-05-04,
11290_ID,2004-11-20,2004-11-22 00:00:00.000000000
11292_ID,2004-12-01,2004-12-06 00:00:00.000000000
11293_ID,2004-11-15,2004-11-20 00:00:00.000000000
11294_ID,2004-10-23,2004-10-26 00:00:00.000000000
11295_ID,2004-12-20,2004-12-11 00:00:00.000000000
11319_ID,2004-11-20,2004-12-04 00:00:00.000000000
11320_ID,2004-12-07,2004-12-11 00:00:00.000000000
11321_ID,2004-12-07,2004-11-15 00:00:00.000000000
11322_ID,2004-10-19,
11325_ID,2004-11-23,2004-11-22 00:00:00.000000000
00472_ID,2004-05-30,2004-06-01 00:00:00.000000000
00473_ID,2004-05-30,2005-01-21 00:00:00.000000000
00474_ID,2004-05-15,
00475_ID,2004-05-15,
00476_ID,2004-05-15,2005-01-23 00:00:00.000000000
00477_ID,2004-05-15,2004-05-22 23:50:26.339634304
00487_ID,2004-04-27,
00488_ID,2004-05-19,2004-05-23 00:00:00.000000000
00489_ID,2004-05-03,2004-11-20 00:00:00.000000000
00498_ID,2004-05-04,2004-05-05 00:00:00.000000384
00768_ID,2004-11-29,
00769_ID,2004-09-27,2004-10-06 00:00:00.000000000
00774_ID,2004-10-24,2004-10-28 00:00:00.000000000
00775_ID,2004-10-23,2004-10-28 00:00:00.000000000
00777_ID,2004-09-29,2004-10-08 00:00:00.000000000
00779_ID,2004-10-16,2004-10-24 00:00:00.000000000
00780_ID,2004-11-30,2004-12-06 00:00:00.000000000
00781_ID,2004-11-16,2004-12-10 00:00:00.000000000
00782_ID,2004-09-25,2004-09-27 00:00:00.000000000
00786_ID,2004-11-18,
10815_ID,2004-04-16,2003-11-23 00:00:00.000000000
10829_ID,2004-02-22,
10859_ID,2004-03-10,
10860_ID,2004-01-08,
10862_ID,2004-02-04,
10883_ID,2004-04-19,
10916_ID,2004-04-30,2004-05-04 23:59:59.999999872
10917_ID,2004-04-30,2004-05-05 00:00:00.000000000
10922_ID,2004-04-30,2004-05-02 00:00:00.000000000
11287_ID,2004-11-16,2004-12-02 00:00:00.000000000
11288_ID,2004-11-07,2004-12-04 00:00:00.000000000
11289_ID,2004-11-07,
11291_ID,2004-11-07,2004-12-13 00:00:00.000000000
11296_ID,2004-11-23,
11302_ID,2004-12-01,
11307_ID,2004-12-13,2004-12-02 00:00:00.000000000
00771_ID,2004-11-08,2004-11-20 00:00:00.000000256
00776_ID,2004-11-02,2004-11-07 00:00:00.000000000
00790_ID,2004-11-15,2004-10-28 00:00:00.000000128
10945_ID,2004-04-10,
11355_ID,2004-11-21,2004-11-27 00:00:00.000000000
11374_ID,2004-11-25,2004-11-26 23:59:59.999999744
10984_ID,2004-04-01,
10986_ID,2004-04-01,
11373_ID,2004-09-16,
11389_ID,2004-12-16,2004-12-11 00:00:00.000000256
09739_ID,2005-07-01,2006-05-18 00:00:00.000000000
02179_ID,2005-07-01,
11251_ID,2005-03-20,2005-04-03 00:00:00.000000512
11252_ID,2005-03-20,
11253_ID,2005-03-22,2005-04-03 00:00:00.000000000
11266_ID,2005-03-23,2005-04-04 00:00:00.000000000
11274_ID,2005-01-02,2005-01-10 00:45:54.688672128
11740_ID,2005-11-25,
11761_ID,2005-11-26,2005-12-18 00:00:00.000000000
11762_ID,2005-08-01,
00668_ID,2005-02-04,
00676_ID,2005-03-02,2005-03-12 00:00:00.000000000
00709_ID,2005-02-15,
00710_ID,2005-01-15,2005-01-22 23:59:59.999999232
00724_ID,2005-01-15,2005-01-21 00:00:00.000000000
00733_ID,2005-02-20,
00734_ID,2005-02-15,2005-02-20 00:00:00.000000000
01121_ID,2005-11-20,2005-11-21 00:00:00.000000000
11184_ID,2005-04-15,
11163_ID,2005-04-19,
11165_ID,2005-01-12,2005-01-16 00:00:00.000000000
11168_ID,2005-04-18,
11171_ID,2005-05-09,2005-04-22 00:00:00.000000000
11172_ID,2005-05-09,
11173_ID,2005-05-09,
11174_ID,2005-05-09,
11175_ID,2005-05-09,
11176_ID,2005-05-09,
11182_ID,2005-01-12,2005-01-05 00:00:00.000000000
11186_ID,2005-05-27,
11187_ID,2005-05-27,
11391_ID,2005-04-07,2005-04-10 00:00:00.000000000
11392_ID,2005-04-07,2005-04-12 00:00:00.000000000
11393_ID,2005-04-07,2006-03-05 00:00:00.000000000
11394_ID,2005-04-07,
11743_ID,2005-12-02,
11744_ID,2005-12-02,
00641_ID,2005-04-20,2005-04-22 00:00:00.000000256
00642_ID,2005-04-27,2005-05-04 00:00:00.000000000
00645_ID,2005-06-01,2004-09-24 00:00:00.000000128
00650_ID,2005-05-30,2005-06-13 00:00:00.000000000
00653_ID,2005-05-09,2006-05-18 00:00:00.000000000
00654_ID,2005-06-01,
00659_ID,2005-04-11,2005-04-18 00:00:00.000000000
00662_ID,2005-05-10,2005-11-19 00:00:00.000000000
01099_ID,2005-12-19,2005-12-25 00:00:00.000000000
01111_ID,2005-11-28,2005-11-21 00:00:00.000000000
11096_ID,2005-04-21,2005-04-22 00:00:00.000000000
11097_ID,2005-04-21,
11098_ID,2005-04-06,
11099_ID,2005-04-20,2005-04-22 00:00:00.000000000
11102_ID,2005-04-06,
11107_ID,2005-04-21,2005-04-18 00:00:00.000000000
11108_ID,2005-04-06,
11109_ID,2005-04-06,2004-12-09 00:00:00.000000000
11110_ID,2005-04-06,2004-12-06 00:00:00.000000000
11112_ID,2005-04-12,
11113_ID,2005-04-15,2005-04-20 00:00:00.000000000
11114_ID,2005-04-06,2004-10-25 23:59:59.999999744
11120_ID,2005-04-06,2004-12-06 00:00:00.000000000
11122_ID,2005-04-20,
11123_ID,2005-04-20,
11124_ID,2005-04-20,
11125_ID,2005-04-20,
11126_ID,2005-04-20,
11127_ID,2005-04-20,
11128_ID,2005-04-20,
11130_ID,2005-05-28,
11170_ID,2005-04-20,2005-04-20 00:00:00.000000000
11183_ID,2005-04-20,
11729_ID,2005-12-21,
11730_ID,2005-11-25,
11731_ID,2005-12-18,2006-11-22 00:00:00.000000000
11732_ID,2005-11-24,
11735_ID,2005-11-19,2005-04-19 19:58:50.243100288
11736_ID,2005-11-16,2005-11-18 00:00:00.000000000
11739_ID,2005-10-17,
11741_ID,2005-11-17,
11742_ID,2005-12-02,
11749_ID,2005-11-15,
11751_ID,2005-11-24,2005-11-21 00:00:00.000000000
11752_ID,2005-12-02,2005-11-21 00:00:00.000000000
11754_ID,2005-12-18,2005-12-25 00:00:00.000000000
11755_ID,2005-11-24,2005-12-21 00:00:00.000000000
11756_ID,2005-11-24,2005-11-21 00:00:00.000000000
00643_ID,2005-04-18,2005-04-22 00:00:00.000000256
00644_ID,2005-04-18,2004-10-28 00:00:00.000000000
00647_ID,2005-05-28,2005-04-27 00:00:00.000000000
00651_ID,2005-04-06,2005-04-13 00:00:00.000000000
00657_ID,2005-05-30,2005-11-10 00:00:00.000000000
01075_ID,2005-10-20,2006-11-06 00:00:00.000000000
01077_ID,2005-11-13,
01078_ID,2005-11-23,2005-04-27 00:00:00.000000000
01081_ID,2005-11-30,2006-12-22 00:00:00.000000000
01082_ID,2005-12-17,
01083_ID,2005-10-19,
01085_ID,2005-11-29,
01086_ID,2005-10-19,2005-10-20 00:00:00.000000000
01087_ID,2005-10-20,
01090_ID,2005-10-14,
01091_ID,2005-10-14,
01094_ID,2005-10-14,
01095_ID,2005-11-11,2005-11-17 00:00:00.000000000
01096_ID,2005-10-16,2005-10-20 00:00:00.000000000
01097_ID,2005-11-16,2005-11-17 00:00:00.000000000
01098_ID,2005-10-19,2005-10-20 00:00:00.000000000
01104_ID,2005-12-09,
01106_ID,2005-11-24,
01107_ID,2005-12-02,2006-10-25 00:00:00.000000000
01108_ID,2005-11-24,2005-11-20 23:59:59.999999488
01109_ID,2005-12-02,2005-11-19 00:00:00.000000000
01110_ID,2005-11-06,2005-11-14 00:00:00.000000000
01112_ID,2005-10-20,2005-10-20 00:00:00.000000000
01113_ID,2005-11-12,2005-11-21 00:00:00.000000256
01114_ID,2005-11-06,2005-11-10 00:00:00.000000000
01115_ID,2005-11-14,2005-11-19 00:00:00.000000000
11093_ID,2005-04-09,
11115_ID,2005-05-11,2006-05-27 00:00:00.000000000
11139_ID,2005-04-14,
11150_ID,2005-04-04,
11207_ID,2005-04-26,2005-04-22 00:00:00.000000000
11720_ID,2005-11-26,
11725_ID,2005-11-25,2005-11-21 00:00:00.000000000
11726_ID,2005-11-01,
11727_ID,2005-11-16,2005-11-19 00:00:00.000000000
11745_ID,2005-11-15,2005-11-21 00:00:00.000000000
11748_ID,2005-12-18,2005-12-25 00:00:00.000000000
11757_ID,2005-12-02,
00652_ID,2005-05-18,2006-06-05 00:00:00.000000000
00663_ID,2005-04-20,2005-04-22 00:00:00.000000000
00664_ID,2005-04-07,2004-11-23 00:00:00.000000000
00665_ID,2005-06-03,
00666_ID,2005-06-03,
01092_ID,2005-10-29,2005-11-10 00:00:00.000000256
01093_ID,2005-11-13,2005-11-20 23:59:59.999999744
11276_ID,2005-01-12,2005-01-16 00:00:00.000000000
11277_ID,2005-03-22,2005-03-23 00:00:00.000000000
11278_ID,2005-01-07,2005-01-12 00:00:00.000000000
11768_ID,2005-09-16,2005-11-16 00:00:00.000000000
11770_ID,2005-07-01,
11377_ID,2005-04-06,2004-09-03 00:00:00.000000000
11378_ID,2005-04-06,
11379_ID,2005-04-06,
11380_ID,2005-04-06,
11376_ID,2005-04-30,
09812_ID,2006-07-01,
18224_ID,2006-07-01,2006-04-14 00:00:00.000000000
06072_ID,2006-07-01,2006-05-16 00:00:00.000000000
11572_ID,2006-03-01,2006-03-05 23:59:59.999999744
11601_ID,2006-04-06,2006-04-14 00:00:00.000000000
11637_ID,2006-04-08,
12195_ID,2006-12-28,2006-12-31 00:00:00.000000000
12206_ID,2006-12-03,
12208_ID,2006-12-15,
00958_ID,2006-01-22,2006-01-26 00:00:00.000000000
00959_ID,2006-02-05,2005-10-20 00:00:00.000000000
00961_ID,2006-02-05,2005-10-20 00:00:00.000000000
01281_ID,2006-10-19,2006-10-20 00:00:00.000000000
01297_ID,2006-12-03,
01302_ID,2006-12-16,2006-12-24 00:00:00.000000000
01304_ID,2006-10-28,2006-11-03 00:00:00.000000000
11554_ID,2006-05-15,2005-11-21 00:00:00.000000000
11484_ID,2006-05-13,2006-05-20 00:00:00.000000000
11513_ID,2006-05-12,
11521_ID,2006-05-12,
11523_ID,2006-05-12,
11526_ID,2006-05-12,
11533_ID,2006-05-12,
11538_ID,2006-05-12,
11539_ID,2006-05-12,
11551_ID,2006-03-28,
11552_ID,2006-05-11,2006-05-20 00:00:00.000000000
11553_ID,2006-05-11,
11557_ID,2006-04-12,
11580_ID,2006-04-07,2006-04-07 00:00:00.000000000
11648_ID,2006-01-23,
11649_ID,2006-01-23,2006-02-02 00:00:00.000000000
11684_ID,2006-02-14,2006-02-08 23:59:59.999999744
11691_ID,2006-01-24,2006-01-06 00:00:00.000000256
11695_ID,2006-02-27,2005-11-18 23:59:59.999999744
11703_ID,2006-03-04,2006-03-04 18:06:20.251489024
11704_ID,2006-05-21,2005-11-14 00:00:00.000000000
11705_ID,2006-03-04,2006-03-05 00:00:00.000000000
11707_ID,2006-03-31,
11709_ID,2006-03-31,
11773_ID,2006-02-28,2006-03-08 00:00:00.000000000
11774_ID,2006-02-28,2006-02-02 00:00:00.000000000
11775_ID,2006-02-28,2006-03-17 00:00:00.000000000
00940_ID,2006-05-08,
11507_ID,2006-04-01,
11541_ID,2006-05-12,
11542_ID,2006-04-06,
11543_ID,2006-04-08,2006-04-16 00:00:00.000000000
11549_ID,2006-05-13,2006-04-25 00:00:00.000000000
11555_ID,2006-05-12,
11559_ID,2006-05-12,2006-08-18 12:00:00.000000000
11639_ID,2006-01-21,2005-11-21 00:00:00.000000000
11643_ID,2006-01-19,
11647_ID,2006-01-21,2005-11-21 00:00:00.000000000
11652_ID,2006-01-16,
11653_ID,2006-01-19,
11656_ID,2006-02-25,
11671_ID,2006-05-13,
11674_ID,2006-01-10,
11676_ID,2006-04-07,2006-04-07 00:00:00.000000000
11682_ID,2006-02-10,
11683_ID,2006-01-22,2006-01-22 00:00:00.000000000
11685_ID,2006-02-11,2005-11-21 00:00:00.000000000
11687_ID,2006-01-07,2005-11-21 00:00:00.000000000
11688_ID,2006-02-11,
11690_ID,2006-04-20,2005-12-02 00:00:00.000000000
11714_ID,2006-04-06,2006-04-14 00:00:00.000000000
11715_ID,2006-01-17,
00920_ID,2006-05-19,2006-05-25 00:00:00.000000000
00921_ID,2006-05-04,
00923_ID,2006-05-25,
00924_ID,2006-05-04,2006-05-16 00:00:00.000000256
00927_ID,2006-06-06,2006-06-12 00:00:00.000000000
00928_ID,2006-05-09,2006-05-18 00:00:00.000000000
00929_ID,2006-06-18,2007-04-28 00:00:00.000000000
00931_ID,2006-06-09,
00933_ID,2006-06-18,2007-04-28 00:00:00.000000000
00936_ID,2006-05-19,2006-05-25 00:00:00.000000000
00937_ID,2006-05-02,2006-05-03 23:58:32.058436224
00938_ID,2006-06-25,2006-07-05 00:00:00.000000000
00939_ID,2006-05-02,2006-05-10 23:59:59.999999744
00941_ID,2006-06-18,2006-06-19 00:00:00.000000000
01071_ID,2006-05-19,2005-11-09 23:43:35.361042048
01072_ID,2006-05-19,2006-05-25 00:00:00.000000000
01073_ID,2006-05-08,2006-05-16 00:00:00.000000000
11565_ID,2006-05-13,2006-05-20 00:00:00.000000000
11566_ID,2006-05-13,2006-05-20 00:00:00.000000000
11579_ID,2006-05-11,2006-05-25 00:00:00.000000000
11641_ID,2006-01-07,2005-11-21 00:00:00.000000000
11644_ID,2006-04-05,2005-11-26 00:00:00.000000000
11716_ID,2006-05-11,2005-11-19 00:00:00.000000000
00918_ID,2006-05-23,
00925_ID,2006-06-09,2006-06-17 00:00:00.000000000
00930_ID,2006-05-11,2006-05-16 00:00:00.000000000
00934_ID,2006-05-12,2006-05-16 00:00:00.000000000
00935_ID,2006-05-23,2006-06-12 00:00:00.000000000
11645_ID,2006-01-01,
11646_ID,2006-01-01,
12090_ID,2006-12-14,2006-10-28 00:00:00.000000000
12091_ID,2006-11-15,
12095_ID,2006-12-10,
12096_ID,2006-12-15,2006-12-24 00:00:00.000000000
12115_ID,2006-10-09,
12122_ID,2006-10-26,2006-01-22 00:00:00.000000000
12123_ID,2006-10-21,
12126_ID,2006-11-22,2006-12-03 00:00:00.000000000
12127_ID,2006-11-15,2006-11-20 00:00:00.000000000
12128_ID,2006-10-27,
12130_ID,2006-12-04,
12133_ID,2006-12-15,2006-12-15 00:00:00.000000000
12136_ID,2006-10-28,2006-11-05 10:50:19.354838528
12152_ID,2006-12-20,
12099_ID,2006-12-07,
12118_ID,2006-11-03,2006-11-10 00:00:00.000000000
12119_ID,2006-12-15,
12120_ID,2006-12-15,2006-11-10 00:00:00.000000000
12121_ID,2006-12-15,2006-11-10 00:00:00.000000000
12124_ID,2006-11-23,2006-12-03 00:00:00.000000000
12129_ID,2006-12-07,
12135_ID,2006-12-07,2006-05-11 00:00:00.000000000
12138_ID,2006-12-07,
12114_ID,2006-09-16,2006-06-03 00:00:00.000000000
12089_ID,2006-10-20,2006-10-24 23:59:59.999999744
12093_ID,2006-10-09,2006-10-09 00:00:00.000000000
12094_ID,2006-11-02,2006-11-10 00:00:00.000000000
12098_ID,2006-09-29,2006-10-05 00:00:00.000000000
12100_ID,2006-10-28,2006-10-25 00:00:00.000000000
12101_ID,2006-10-28,2006-10-25 00:00:00.000000000
12102_ID,2006-10-10,2006-04-14 00:00:00.000000000
12110_ID,2006-10-25,
12111_ID,2006-11-22,2006-11-26 00:00:00.000000000
12112_ID,2006-11-01,
12092_ID,2006-12-20,2006-10-21 00:00:00.000000000
12106_ID,2006-10-20,2006-10-25 00:00:00.000000000
12107_ID,2006-11-20,2006-11-22 00:00:00.000000000
12139_ID,2006-12-14,2006-12-23 23:59:59.999999488
12108_ID,2006-10-16,2006-10-09 00:00:00.000000000
12117_ID,2006-11-14,2006-11-19 00:00:00.000000000
12134_ID,2006-11-01,
12140_ID,2006-10-28,2006-10-09 00:51:49.947150080
12141_ID,2006-10-28,2006-10-20 00:00:00.000000000
12151_ID,2006-12-18,2006-10-28 00:00:00.000000256
12155_ID,2006-11-03,
12156_ID,2006-11-05,2006-11-15 00:00:00.000000000
12157_ID,2006-12-14,2006-12-03 00:00:00.000000000
12158_ID,2006-10-26,2006-10-09 00:00:00.000000000
12159_ID,2006-12-10,2006-11-19 00:00:00.000000000
12160_ID,2006-12-10,2006-11-19 00:00:00.000000000
12161_ID,2006-12-10,2006-05-20 00:00:00.000000000
01266_ID,2006-09-29,2006-10-28 00:00:00.000000000
01268_ID,2006-11-03,
01270_ID,2006-10-18,2006-10-21 00:00:00.000000000
01271_ID,2006-10-18,2006-10-21 00:00:00.000000000
01272_ID,2006-10-19,2006-10-21 00:00:00.000000000
01273_ID,2006-11-01,
01275_ID,2006-10-24,2006-10-28 00:00:00.000000000
01277_ID,2006-10-19,2006-10-25 00:00:00.000000000
01278_ID,2006-10-06,2006-10-07 00:00:00.000000000
01274_ID,2006-10-06,2006-10-07 00:19:24.512804608
01276_ID,2006-09-10,
01255_ID,2006-10-31,
01256_ID,2006-09-25,
01258_ID,2006-10-06,2006-10-08 22:23:02.930759936
01259_ID,2006-10-17,2007-10-05 00:00:00.000000000
01260_ID,2006-10-31,
01261_ID,2006-10-31,2007-02-01 00:00:00.000000000
01262_ID,2006-11-01,2006-11-03 00:00:00.000000000
01263_ID,2006-11-01,
01264_ID,2006-07-01,2006-07-21 00:00:00.000000000
01265_ID,2006-12-06,
01267_ID,2006-11-20,
17995_ID,2007-07-01,2007-06-04 00:00:00.000000000
02248_ID,2007-07-01,
07023_ID,2007-07-01,
01600_ID,2007-09-16,2007-10-24 00:00:00.000000000
12043_ID,2007-01-29,2007-02-07 00:00:00.000000000
12061_ID,2007-01-29,2007-02-02 00:00:00.000000000
12073_ID,2007-01-29,2007-01-31 00:00:00.000000000
12076_ID,2007-02-05,
12077_ID,2007-02-05,2007-02-11 00:00:00.000000000
12083_ID,2007-01-01,
12661_ID,2007-11-12,2007-11-13 00:00:00.000000000
12668_ID,2007-11-05,2007-11-11 00:00:00.000000000
12671_ID,2007-11-05,2007-11-10 23:59:59.999998976
12673_ID,2007-11-25,
01211_ID,2007-01-29,2007-01-31 23:59:59.999999744
01212_ID,2007-02-24,
01217_ID,2007-01-29,2006-05-11 00:00:00.000000000
01233_ID,2007-02-27,2007-03-07 00:00:00.000000000
01235_ID,2007-01-29,2007-02-01 00:00:00.000000000
01236_ID,2007-01-28,2007-01-31 23:59:59.999999744
01239_ID,2007-03-08,2007-03-13 00:00:00.000000000
01242_ID,2007-01-29,2007-02-01 00:00:00.000000000
01248_ID,2007-01-09,2007-01-13 00:00:00.000000000
01249_ID,2007-02-03,2007-02-11 23:59:59.999999488
01251_ID,2007-01-26,2007-02-01 00:00:00.000000000
01252_ID,2007-01-29,2007-02-05 00:00:00.000000000
01527_ID,2007-11-25,2007-11-27 00:00:00.000000000
01533_ID,2007-11-21,
12626_ID,2007-10-24,2007-04-12 00:00:00.000000000
12627_ID,2007-10-14,
12636_ID,2007-10-25,2007-10-28 00:00:00.000000000
12637_ID,2007-10-25,
12638_ID,2007-10-25,
12639_ID,2007-10-25,2007-10-28 00:00:00.000000000
12640_ID,2007-10-25,2007-10-25 00:00:00.000000000
12641_ID,2007-10-25,2007-10-28 00:00:00.000000000
12680_ID,2007-11-15,2007-11-18 00:00:00.000000000
01484_ID,2007-10-14,
01488_ID,2007-10-05,2007-10-05 00:00:00.000000000
01510_ID,2007-12-04,
01511_ID,2007-10-05,2007-10-12 00:00:00.000000000
01517_ID,2007-10-06,2007-10-12 00:00:00.000000000
01518_ID,2007-10-06,2007-11-04 00:00:00.000000000
01520_ID,2007-11-03,
12622_ID,2007-11-07,2007-10-14 00:00:00.000000256
12624_ID,2007-12-31,2007-12-10 00:00:00.000000000
12625_ID,2007-11-25,
12631_ID,2007-11-26,2007-11-11 00:00:00.000000000
12632_ID,2007-12-10,2008-12-31 00:00:00.000000000
12634_ID,2007-12-12,
12649_ID,2007-10-24,2007-10-26 00:00:00.000000000
12650_ID,2007-11-04,2007-11-11 00:00:00.000000256
12651_ID,2007-10-24,2007-11-01 23:59:59.999999744
12652_ID,2007-10-16,2007-10-24 00:00:00.000000000
12653_ID,2007-10-16,
12654_ID,2007-11-20,2007-10-24 00:00:00.000000000
12656_ID,2007-11-21,2007-11-27 00:00:00.000000000
12679_ID,2007-11-16,2007-11-11 00:00:00.000000000
12682_ID,2007-11-28,2007-12-10 00:00:00.000000000
01307_ID,2007-06-24,2007-10-14 00:00:00.000000000
01308_ID,2007-06-24,2007-10-12 00:00:00.000000000
01485_ID,2007-10-16,
01490_ID,2007-10-16,2007-10-22 00:00:00.000000000
01491_ID,2007-10-22,2007-11-04 00:00:00.000000000
01492_ID,2007-10-30,
01493_ID,2007-10-07,2007-10-12 00:00:00.000000000
01494_ID,2007-10-23,2007-02-01 00:00:00.000000000
01495_ID,2007-11-07,2007-11-11 00:00:00.000000000
01496_ID,2007-10-14,2007-11-02 00:00:00.000000000
01499_ID,2007-10-16,
01500_ID,2007-09-23,
01503_ID,2007-10-03,2007-10-12 00:00:00.000000000
01504_ID,2007-10-03,2007-10-03 00:00:00.000000000
01505_ID,2007-10-20,2007-10-23 00:00:00.000000000
01506_ID,2007-11-20,
01509_ID,2007-10-30,
01513_ID,2007-10-24,2008-11-17 00:00:00.000000000
01521_ID,2007-11-02,2007-11-12 23:59:59.999999488
12214_ID,2007-06-24,2007-06-04 00:00:00.000000000
12215_ID,2007-06-26,
12216_ID,2007-06-26,
12635_ID,2007-12-31,2007-11-22 00:00:00.000000000
12645_ID,2007-11-24,2007-11-22 00:00:00.000000000
12646_ID,2007-11-19,2007-11-27 00:00:00.000000000
12655_ID,2007-10-14,2007-10-15 01:20:34.187532288
01489_ID,2007-10-14,2007-10-23 00:00:00.000000000
01512_ID,2007-10-24,2007-11-02 00:00:00.000000000
01514_ID,2007-10-23,2007-11-01 23:50:06.033483520
01516_ID,2007-11-20,2007-11-01 23:59:59.999999488
12085_ID,2007-01-01,2007-02-14 00:00:00.000000768
12086_ID,2007-02-23,2007-03-06 00:00:00.000000000
12684_ID,2007-11-05,2007-11-11 00:00:00.000000000
20119_ID,2007-04-01,
20127_ID,2007-09-16,
11931_ID,2007-06-06,
11946_ID,2007-04-12,2007-04-12 00:00:00.000000000
11952_ID,2007-03-31,
11963_ID,2007-06-06,
11964_ID,2007-06-06,2007-05-12 00:00:00.000000000
11965_ID,2007-06-06,2007-06-01 00:00:00.000000000
11966_ID,2007-06-06,
11967_ID,2007-06-06,
11968_ID,2007-06-06,
11978_ID,2007-04-13,
11979_ID,2007-04-13,
11980_ID,2007-04-13,
11981_ID,2007-04-13,
11982_ID,2007-04-13,
12005_ID,2007-06-06,2007-11-15 00:00:00.000000000
11955_ID,2007-04-03,2007-04-06 00:00:00.000000000
11956_ID,2007-04-14,2006-10-25 00:00:00.000000000
11932_ID,2007-04-20,2007-04-28 00:00:00.000000000
12012_ID,2007-05-10,2007-05-17 00:00:00.000000000
12013_ID,2007-05-10,2007-11-16 00:00:00.000000000
12016_ID,2007-05-10,
01199_ID,2007-05-11,2007-05-18 00:00:00.000000000
01200_ID,2007-05-11,2007-10-12 00:00:00.000000000
01186_ID,2007-04-21,
01190_ID,2007-04-22,
01183_ID,2007-05-11,2007-05-11 23:59:59.999999744
01184_ID,2007-04-20,2007-04-26 00:00:00.000000000
01187_ID,2007-05-03,
01192_ID,2007-04-20,2006-10-07 00:00:00.000000000
01193_ID,2007-04-20,2007-04-28 00:00:00.000000000
01194_ID,2007-05-01,
01170_ID,2007-06-10,2007-10-18 00:00:00.000000000
01171_ID,2007-05-07,2007-11-02 00:00:00.000000000
01172_ID,2007-05-23,2007-06-01 00:00:00.000000000
01173_ID,2007-04-20,2007-04-28 00:00:00.000000000
01174_ID,2007-05-17,2007-05-21 00:00:00.000000000
01175_ID,2007-05-18,
01176_ID,2007-05-17,
01177_ID,2007-05-17,2007-04-28 00:00:00.000000000
01180_ID,2007-05-17,2007-05-09 00:00:00.000000000
01182_ID,2007-05-10,2006-05-16 00:00:00.000000000
14508_ID,2008-07-01,
13045_ID,2008-11-03,
13053_ID,2008-12-31,2009-01-04 00:00:00.000000512
13054_ID,2008-12-31,2009-01-02 00:00:00.000000000
13055_ID,2008-12-31,2009-01-04 00:00:00.000000000
12605_ID,2008-01-16,2008-01-16 00:00:00.000000000
12564_ID,2008-02-12,
13028_ID,2008-12-29,2009-01-02 00:00:00.000000000
13035_ID,2008-08-17,2008-08-23 00:00:00.000000000
01390_ID,2008-01-08,2008-01-12 00:00:00.000000000
01867_ID,2008-10-15,2008-10-19 00:00:00.000000000
01870_ID,2008-10-20,2009-10-13 00:00:00.000000000
01879_ID,2008-12-30,2009-01-02 00:00:00.000000000
12594_ID,2008-01-27,2007-11-22 00:00:00.000000000
12603_ID,2008-01-23,2008-01-16 00:00:00.000000000
12990_ID,2008-12-02,2008-12-07 00:00:00.000000000
01386_ID,2008-04-16,2008-04-18 00:00:00.000000256
01387_ID,2008-04-16,2008-04-14 00:00:00.000000000
12420_ID,2008-05-07,2007-11-22 00:00:00.000000000
12422_ID,2008-04-15,2008-04-25 00:00:00.000000000
12502_ID,2008-05-08,
12521_ID,2008-05-07,
12522_ID,2008-05-07,
12543_ID,2008-04-16,
12544_ID,2008-05-07,
12590_ID,2008-01-23,
12591_ID,2008-01-23,
12592_ID,2008-01-31,
12595_ID,2008-01-31,
12597_ID,2008-01-30,
12600_ID,2008-01-26,2007-11-22 00:00:00.000000000
12609_ID,2008-01-02,2007-11-15 00:00:00.000000000
12987_ID,2008-10-15,
12988_ID,2008-10-22,2008-10-19 00:00:00.000000000
12989_ID,2008-10-22,2009-01-23 00:00:00.000000000
12991_ID,2008-11-19,2008-10-19 00:00:00.000000000
12994_ID,2008-10-09,2008-10-12 00:00:00.000000000
12995_ID,2008-12-17,
12997_ID,2008-11-10,2008-10-14 00:00:00.000000256
13002_ID,2008-11-16,
13003_ID,2008-12-12,2009-11-08 00:00:00.000000000
13005_ID,2008-10-08,
13006_ID,2008-10-08,
13008_ID,2008-11-18,
13009_ID,2008-12-03,
13010_ID,2008-12-03,
13013_ID,2008-12-30,2008-12-31 00:00:00.000000000
13014_ID,2008-12-18,
13015_ID,2008-11-10,
13016_ID,2008-12-18,
13017_ID,2008-10-22,2009-11-13 00:00:00.000000000
13041_ID,2008-11-18,
13042_ID,2008-11-18,
13047_ID,2008-11-17,
17953_ID,2008-04-01,
01384_ID,2008-04-14,2007-10-15 00:00:00.000000000
01395_ID,2008-04-14,2008-04-14 00:00:00.000000000
01396_ID,2008-05-07,2008-05-14 00:00:00.000000000
01397_ID,2008-04-12,
01399_ID,2008-05-18,
01769_ID,2008-10-17,2008-10-14 00:00:00.000000000
01770_ID,2008-10-17,2008-10-14 00:00:00.000000000
01771_ID,2008-10-17,2008-10-19 00:00:00.000000000
01772_ID,2008-10-11,2008-10-19 00:00:00.000000000
01774_ID,2008-12-01,2008-12-13 00:00:00.000000000
01778_ID,2008-12-11,
01779_ID,2008-12-11,2009-05-15 00:00:00.000000000
01780_ID,2008-09-06,
01781_ID,2008-09-06,2007-10-12 00:00:00.000000000
01783_ID,2008-10-27,
01784_ID,2008-11-02,2008-11-08 00:00:00.000000000
01785_ID,2008-09-29,
01786_ID,2008-11-29,
01787_ID,2008-11-02,2008-08-18 00:00:00.000000000
01788_ID,2008-10-16,2008-11-08 00:00:00.000000000
01789_ID,2008-10-25,
01790_ID,2008-10-10,2008-10-19 00:00:00.000000000
12406_ID,2008-04-12,
12408_ID,2008-04-13,2008-04-14 00:00:00.000000000
12409_ID,2008-04-13,2008-04-21 00:00:00.000000000
12412_ID,2008-04-12,2008-04-14 00:00:00.000000000
12423_ID,2008-05-02,2009-05-28 00:00:00.000000000
12424_ID,2008-05-02,2009-05-28 00:00:00.000000000
12425_ID,2008-05-02,2009-05-28 00:00:00.000000000
12432_ID,2008-05-14,
12433_ID,2008-05-14,2009-05-31 00:00:00.000000000
12452_ID,2008-05-15,
12463_ID,2008-05-14,
12469_ID,2008-05-08,2008-05-25 00:00:00.000000000
12499_ID,2008-04-15,
12984_ID,2008-10-08,2008-10-14 00:00:00.000000000
12985_ID,2008-11-14,2008-11-18 00:00:00.000000000
12986_ID,2008-11-14,
12996_ID,2008-12-18,2008-11-18 00:00:00.000000000
12998_ID,2008-12-12,2008-12-19 00:00:00.000000000
12999_ID,2008-12-30,
13000_ID,2008-12-30,2009-10-24 00:00:00.000000000
13001_ID,2008-12-30,
13004_ID,2008-10-28,
01761_ID,2008-10-14,2008-10-18 23:59:59.999999744
01762_ID,2008-10-14,
01763_ID,2008-11-30,2009-01-07 00:00:00.000000000
01764_ID,2008-11-30,2009-01-07 00:00:00.000000000
01765_ID,2008-10-10,2008-10-19 00:00:00.000000000
01766_ID,2008-10-18,2008-10-19 00:00:00.000000000
01767_ID,2008-12-01,
01768_ID,2008-11-15,
01773_ID,2008-11-13,2008-11-17 00:00:00.000000256
01775_ID,2008-11-13,2008-11-01 00:00:00.000000000
01776_ID,2008-11-14,2008-11-18 00:00:00.000000000
01777_ID,2008-11-14,2008-11-17 00:00:00.000000000
01791_ID,2008-10-11,2008-10-14 00:00:00.000000000
01792_ID,2008-08-15,2008-08-22 00:00:00.000000000
01793_ID,2008-10-11,2008-08-20 00:00:00.000000000
00887_ID,2009-07-01,2009-11-26 00:00:00.000000000
03250_ID,2009-07-01,
12731_ID,2009-04-07,
12807_ID,2009-02-15,2009-02-19 00:00:00.000000000
12827_ID,2009-01-19,2009-01-25 00:00:00.000000000
12830_ID,2009-01-15,2009-01-24 23:59:59.999999744
12837_ID,2009-02-07,2009-02-13 00:00:00.000000000
12838_ID,2009-02-09,2009-02-13 00:00:00.000000000
12852_ID,2009-02-14,2009-02-19 00:00:00.000000000
12860_ID,2009-05-04,
01755_ID,2009-01-06,2009-01-09 00:00:00.000000000
01756_ID,2009-04-12,2009-04-15 00:00:00.000000000
10164_ID,2009-05-07,2009-05-07 08:53:52.324803072
12760_ID,2009-05-18,2009-05-23 00:00:00.000000000
12972_ID,2009-01-09,2008-12-30 23:59:59.999999232
01610_ID,2009-05-30,2009-06-06 00:00:00.000000000
01613_ID,2009-06-09,2009-06-13 00:00:00.000000000
01614_ID,2009-06-05,
01615_ID,2009-06-09,
01616_ID,2009-05-18,
10160_ID,2009-05-07,2009-04-19 00:00:00.000000000
12723_ID,2009-05-14,2009-05-27 23:59:59.999999744
12725_ID,2009-05-01,2009-05-05 23:59:59.999999744
12726_ID,2009-05-18,2009-05-28 00:00:00.000000000
12727_ID,2009-04-29,
12730_ID,2009-05-14,2009-10-24 00:00:00.000000000
12732_ID,2009-01-31,2009-01-18 12:00:00.000000000
12737_ID,2009-01-15,
12738_ID,2009-01-15,
12739_ID,2009-01-15,
12749_ID,2009-05-02,2009-05-12 00:09:31.977465600
12750_ID,2009-04-30,2009-05-01 00:00:00.000000000
12751_ID,2009-04-30,2009-05-08 00:00:00.000000000
12753_ID,2009-04-20,
12754_ID,2009-05-07,2008-12-29 00:00:00.000000000
12756_ID,2009-05-15,
12757_ID,2009-05-15,
12758_ID,2009-05-19,
12759_ID,2009-05-08,
12762_ID,2009-05-04,
12764_ID,2009-05-19,2008-12-31 00:00:00.000000000
12766_ID,2009-04-29,
12769_ID,2009-05-15,
12770_ID,2009-03-26,2009-04-01 00:00:00.000000000
12877_ID,2009-01-31,
12878_ID,2009-05-02,2009-05-05 00:00:00.000000000
12906_ID,2009-04-16,2009-04-13 00:00:00.000000256
12907_ID,2009-04-16,
12942_ID,2009-05-29,2009-06-01 00:00:00.000000000
12953_ID,2009-05-09,
12954_ID,2009-05-09,
01611_ID,2009-06-02,2009-05-31 00:00:00.000000000
12719_ID,2009-05-01,2009-05-06 00:00:00.000000000
12733_ID,2009-05-29,
12755_ID,2009-05-16,
12791_ID,2009-05-18,2008-12-24 00:00:00.000000000
13427_ID,2009-12-20,
13430_ID,2009-11-02,
13431_ID,2009-10-24,2009-11-02 00:00:00.000000000
13432_ID,2009-11-24,2009-11-27 00:00:00.000000000
13468_ID,2009-11-10,2009-11-22 23:13:43.683849728
13464_ID,2009-11-02,
13467_ID,2009-10-20,
13471_ID,2009-12-03,2009-12-11 00:00:00.000000000
13472_ID,2009-11-16,2009-11-04 00:00:00.000000000
13474_ID,2009-11-24,2009-11-27 00:00:00.000000000
13480_ID,2009-12-02,2010-04-20 00:00:00.000000000
13482_ID,2009-11-02,2009-11-08 23:59:59.999999232
13465_ID,2009-10-16,2009-10-24 00:00:00.000000000
13469_ID,2009-12-02,2009-12-09 00:00:00.000000000
13475_ID,2009-10-16,2009-10-22 00:00:00.000000000
13413_ID,2009-12-16,2009-12-21 23:59:59.999999744
13414_ID,2009-11-24,2009-12-03 23:59:59.999999744
13489_ID,2009-11-22,2009-12-25 00:00:00.000000000
13452_ID,2009-11-03,2009-11-13 00:00:00.000000000
13453_ID,2009-11-28,2009-11-02 00:00:00.000000000
13454_ID,2009-12-10,2009-12-13 00:00:00.000000000
13455_ID,2009-12-02,
13456_ID,2009-12-17,2009-12-18 00:00:00.000000000
13457_ID,2009-11-29,2009-11-30 00:00:00.000000000
13459_ID,2009-12-11,2009-12-13 00:00:00.000000000
13460_ID,2009-12-11,
13461_ID,2009-12-07,
13462_ID,2009-12-04,2009-12-09 00:09:15.751321856
13490_ID,2009-11-11,2009-11-18 00:00:00.000000512
13493_ID,2009-11-09,
13444_ID,2009-12-10,2009-12-16 00:00:00.000000000
13458_ID,2009-12-09,
13423_ID,2009-12-13,2009-12-17 23:59:57.832359424
13424_ID,2009-11-24,2009-12-03 23:49:55.395212288
13445_ID,2009-12-17,2009-11-08 02:15:25.172273920
13446_ID,2009-12-11,2009-10-21 00:00:00.000000000
13447_ID,2009-12-11,
13448_ID,2009-12-22,2009-12-18 00:00:00.000000000
13449_ID,2009-12-17,2009-12-11 00:00:00.000000000
13450_ID,2009-12-17,
13483_ID,2009-12-22,2009-11-02 00:00:00.000000000
01663_ID,2009-10-16,2009-10-22 00:00:00.000000000
02087_ID,2009-12-07,2009-12-09 00:00:00.000000000
02098_ID,2009-12-20,2009-12-27 00:00:00.000000000
02103_ID,2009-12-29,2010-01-01 00:00:00.000000256
01883_ID,2009-06-15,2009-06-13 00:00:00.000000000
01884_ID,2009-06-15,
02115_ID,2009-10-07,2009-10-13 00:00:00.000000000
02116_ID,2009-10-09,2009-10-15 00:00:00.000000000
02121_ID,2009-09-27,2009-10-01 00:00:00.000000000
02122_ID,2009-10-08,
02124_ID,2009-10-09,2009-10-16 03:08:19.188904448
02125_ID,2009-10-05,2009-10-17 00:00:00.000000000
02126_ID,2009-09-19,
02127_ID,2009-10-27,
02129_ID,2009-11-14,
02130_ID,2009-08-04,2009-08-12 00:00:00.000000000
02131_ID,2009-11-08,2009-11-21 00:00:00.000000000
02132_ID,2009-11-07,
02133_ID,2009-09-20,2009-05-31 00:00:00.000000000
02134_ID,2009-11-16,
02137_ID,2009-10-16,2009-10-22 00:00:00.000000768
02138_ID,2009-08-03,
02139_ID,2009-10-15,2009-10-17 00:00:00.000000000
02140_ID,2009-10-19,
02141_ID,2009-08-04,2009-08-07 00:00:00.000000000
02142_ID,2009-10-22,
02123_ID,2009-10-09,2009-10-17 00:00:00.000000000
02107_ID,2009-11-02,2009-11-02 00:00:00.000000000
02109_ID,2009-11-23,2009-11-30 00:00:00.000000000
02110_ID,2009-11-24,2009-11-30 00:00:00.000000000
02112_ID,2009-12-13,2009-12-17 23:59:59.999999744
13466_ID,2009-10-09,2009-10-15 00:00:00.000000000
02146_ID,2009-11-02,
02147_ID,2009-10-27,
02148_ID,2009-10-27,
02151_ID,2009-10-22,
02153_ID,2009-11-01,2009-11-02 00:00:00.000000000
02154_ID,2009-11-01,2010-05-04 00:00:00.000000000
02155_ID,2009-11-01,
02159_ID,2009-11-23,2009-11-30 00:00:00.000000000
02160_ID,2009-11-23,2009-11-02 00:00:00.000000000
02161_ID,2009-11-23,2009-11-30 00:00:00.000000000
02163_ID,2009-10-31,2009-11-02 00:00:00.000000000
02152_ID,2009-10-14,2009-10-17 00:00:00.000000256
02156_ID,2009-11-26,2009-11-30 00:00:00.000000256
02157_ID,2009-10-16,2008-11-17 00:00:00.000000000
12805_ID,2009-04-19,
12979_ID,2009-02-11,2009-02-15 00:00:00.000000000
12983_ID,2009-03-16,
13040_ID,2009-05-10,
13485_ID,2009-10-17,
12806_ID,2009-05-15,
02412_ID,2010-11-29,
13497_ID,2010-03-13,
13920_ID,2010-09-21,2010-09-29 00:00:00.000000000
20138_ID,2010-09-17,
13829_ID,2010-12-28,2011-01-05 23:59:59.999999744
13534_ID,2010-11-02,2010-11-02 23:59:59.999999744
13535_ID,2010-10-17,
13536_ID,2010-10-15,2010-10-18 00:00:00.000000000
13537_ID,2010-11-27,2010-11-28 00:00:00.000000256
13539_ID,2010-11-02,2010-12-12 00:00:00.000000000
13540_ID,2010-09-24,2010-09-30 00:00:00.000000000
13541_ID,2010-11-16,2010-09-30 00:00:00.000000000
13543_ID,2010-11-16,2010-11-19 00:00:00.000000000
13544_ID,2010-09-30,2009-11-02 00:00:00.000000000
13547_ID,2010-10-26,2010-11-03 00:00:00.000000000
13914_ID,2010-12-17,2010-09-30 00:00:00.000000000
13538_ID,2010-10-07,2010-10-16 00:00:00.000000000
13542_ID,2010-11-26,2010-11-28 00:00:00.000000000
13546_ID,2010-09-29,
13894_ID,2010-10-16,2010-10-24 00:00:00.000000000
13895_ID,2010-11-03,2010-11-08 00:00:00.000000000
13897_ID,2010-12-26,2010-12-30 00:00:00.000000000
13529_ID,2010-10-19,2010-10-28 00:00:00.000000256
13521_ID,2010-09-17,
13522_ID,2010-09-23,2010-09-23 00:00:00.000000000
13523_ID,2010-10-01,2010-10-09 00:00:00.000000000
13525_ID,2010-10-06,2010-10-09 00:00:00.000000000
13526_ID,2010-10-04,
13527_ID,2010-10-04,2010-05-06 00:00:00.000000000
13528_ID,2010-10-02,
13530_ID,2010-10-16,
13524_ID,2010-10-06,2010-10-11 00:00:00.000000000
13908_ID,2010-09-24,2010-09-29 00:00:00.000000000
13910_ID,2010-10-09,2010-10-18 00:00:00.000000000
13912_ID,2010-09-23,
13919_ID,2011-01-17,2010-11-07 23:59:59.999999488
13548_ID,2010-12-16,
13915_ID,2010-09-22,2010-09-29 00:00:00.000000000
13916_ID,2010-10-18,2010-10-31 00:00:00.000000512
13921_ID,2010-09-29,2010-10-01 00:00:00.000000000
13924_ID,2010-10-01,2010-10-06 00:00:00.000000000
13925_ID,2010-12-16,2010-12-26 00:00:00.000000000
13927_ID,2010-11-18,2010-11-23 23:59:59.999999744
13930_ID,2010-10-26,2010-10-31 00:00:00.000000000
02242_ID,2010-09-21,
02401_ID,2010-10-09,2010-10-16 00:00:00.000000000
02201_ID,2010-09-17,2010-09-24 23:59:59.999999488
02210_ID,2010-10-04,
02195_ID,2010-09-21,2010-09-24 23:59:59.999999744
02197_ID,2010-09-29,
02198_ID,2010-09-29,
02205_ID,2010-08-11,2009-11-30 00:00:00.000000000
02206_ID,2010-08-11,
02207_ID,2010-08-11,2010-05-20 00:00:00.000000000
02196_ID,2010-10-13,2010-10-18 00:00:00.000000000
02413_ID,2010-08-11,
02418_ID,2010-09-30,2010-10-07 00:00:00.000000000
02427_ID,2010-11-03,2010-11-08 00:00:00.000000000
02435_ID,2010-12-19,
02438_ID,2010-12-21,2010-12-30 00:00:00.000000000
02441_ID,2010-12-29,
02165_ID,2010-06-08,
02166_ID,2010-06-08,
02168_ID,2010-06-10,
02194_ID,2010-09-21,
02199_ID,2010-09-14,2009-10-15 00:00:00.000000000
02226_ID,2010-09-06,
02227_ID,2010-08-03,
02229_ID,2010-07-23,
02230_ID,2010-09-15,
02231_ID,2010-09-15,
02232_ID,2010-08-19,
02220_ID,2010-08-23,
02221_ID,2010-08-23,
13320_ID,2010-04-25,2010-04-27 00:00:00.000000256
13323_ID,2010-05-08,2010-09-23 00:00:00.000000000
13327_ID,2010-04-27,
13329_ID,2010-05-08,2010-05-06 00:00:00.000000000
13330_ID,2010-05-10,
13331_ID,2010-05-10,2010-05-06 00:00:00.000000000
13334_ID,2010-04-29,2010-05-04 00:00:00.000000000
13337_ID,2010-05-12,2009-11-02 00:00:00.000000000
13340_ID,2010-05-12,2009-11-09 00:00:00.000000000
13341_ID,2010-04-27,
13342_ID,2010-04-27,
13322_ID,2010-04-25,2010-04-27 00:00:00.000000000
13333_ID,2010-05-08,
13343_ID,2010-05-14,
13374_ID,2010-05-12,2010-05-20 00:00:00.000000000
13375_ID,2010-05-12,
13382_ID,2010-05-21,2010-05-18 00:00:00.000000000
13383_ID,2010-05-21,
13384_ID,2010-05-21,
13385_ID,2010-05-21,
13386_ID,2010-05-21,
13387_ID,2010-05-21,
13388_ID,2010-05-21,
13389_ID,2010-05-21,
13390_ID,2010-05-21,
13262_ID,2010-04-20,2010-04-26 23:59:59.999999744
13263_ID,2010-04-20,
13264_ID,2010-04-19,
13266_ID,2010-04-29,2010-05-04 00:00:00.000000000
13268_ID,2010-04-29,
13272_ID,2010-05-04,2010-05-11 00:00:00.000000000
13273_ID,2010-05-05,2010-05-06 00:00:00.000000000
13274_ID,2010-05-05,2010-04-27 00:00:00.000000000
13275_ID,2010-05-20,2009-11-02 00:00:00.000000000
13276_ID,2010-05-20,
13319_ID,2010-05-20,
13370_ID,2010-05-21,2010-05-20 00:00:00.000000000
13371_ID,2010-05-21,2011-01-02 00:00:00.000000000
13267_ID,2010-04-29,2010-05-06 00:00:00.000000000
13304_ID,2010-05-10,
13225_ID,2010-02-28,2010-03-01 00:00:00.000000000
13229_ID,2010-04-25,
13284_ID,2010-04-28,
13285_ID,2010-05-05,2010-10-01 00:00:00.000000000
13407_ID,2010-05-21,
01980_ID,2010-01-03,2010-01-05 00:00:00.000000000
01983_ID,2010-01-18,2010-01-21 00:00:00.000000000
01989_ID,2010-02-06,2010-02-13 00:00:00.000000000
01994_ID,2010-01-24,2010-01-28 00:00:00.000000000
00569_ID,2010-05-17,
01559_ID,2010-04-23,2010-04-26 23:59:59.999999744
02004_ID,2010-05-03,2010-11-08 00:00:00.000000000
02005_ID,2010-05-17,2010-04-27 00:00:00.000000000
02006_ID,2010-05-26,
02007_ID,2010-05-11,
02009_ID,2010-04-27,2010-05-04 00:00:00.000000000
02010_ID,2010-05-05,2010-05-11 00:00:00.000000000
02011_ID,2010-05-17,
02013_ID,2010-05-20,2010-05-24 00:00:00.000000000
02014_ID,2010-05-31,
02012_ID,2010-05-19,2010-05-20 00:00:00.000000000
02002_ID,2010-05-02,2010-09-25 00:00:00.000000000
02015_ID,2010-05-11,
02017_ID,2010-04-28,2010-05-03 23:59:59.999999488
02019_ID,2010-05-06,2010-05-04 00:00:00.000000000
02020_ID,2010-05-03,
02021_ID,2010-05-03,2010-04-27 00:00:00.000000000
02022_ID,2010-05-03,
02023_ID,2010-04-29,2010-05-04 00:00:00.000000000
02026_ID,2010-05-03,2010-04-26 23:59:59.999999232
02027_ID,2010-05-20,2010-05-20 00:00:00.000000000
02028_ID,2010-05-20,2010-05-20 00:00:00.000000000
02024_ID,2010-04-26,
13359_ID,2010-01-12,
13360_ID,2010-02-09,
13494_ID,2010-03-13,
13366_ID,2010-04-29,2010-05-02 00:00:00.000000000
13367_ID,2010-04-29,2010-05-02 00:00:00.000000000
13364_ID,2010-04-20,
13368_ID,2010-05-21,2010-09-29 00:00:00.000000000
02236_ID,2011-05-11,
15275_ID,2011-07-01,
14161_ID,2011-10-31,
14162_ID,2011-11-16,
14163_ID,2011-10-21,
20139_ID,2011-06-27,
20140_ID,2011-06-24,
14136_ID,2011-11-01,2011-10-30 00:00:00.000000000
14137_ID,2011-11-22,2011-12-01 00:00:00.000000000
14138_ID,2011-11-02,2011-05-17 00:00:00.000000000
14140_ID,2011-11-02,
14247_ID,2011-10-21,
14248_ID,2011-10-21,2011-05-18 00:00:00.000000000
14249_ID,2011-10-21,
14250_ID,2011-10-21,2011-05-17 00:00:00.000000000
13902_ID,2011-05-14,
13674_ID,2011-05-16,2011-05-18 00:00:00.000000000
13675_ID,2011-05-16,2012-02-21 00:00:00.000000000
13676_ID,2011-05-16,
13677_ID,2011-05-16,
13678_ID,2011-05-16,2012-02-14 00:00:00.000000000
13692_ID,2011-05-15,2011-05-16 00:00:00.000000000
13695_ID,2011-05-13,2011-05-16 00:00:00.000000000
13697_ID,2011-05-10,2011-05-09 00:00:00.000000000
13716_ID,2011-05-13,2011-05-16 00:00:00.000000000
13699_ID,2011-04-15,
13707_ID,2011-04-21,
13945_ID,2011-10-30,
13948_ID,2011-11-23,2011-11-30 23:59:59.999998720
13949_ID,2011-11-23,
13963_ID,2011-11-23,2011-12-01 00:00:00.000000256
14168_ID,2011-07-14,2012-06-08 00:00:00.000000000
14169_ID,2011-07-01,
14181_ID,2011-10-12,2011-10-16 00:00:00.000000000
14179_ID,2011-11-19,
14166_ID,2011-11-21,2011-12-01 00:00:00.000000000
14167_ID,2011-11-21,2011-11-30 00:00:00.000000000
14170_ID,2011-11-16,
14171_ID,2011-11-16,
14172_ID,2011-11-12,2011-11-22 00:00:00.000000000
14174_ID,2011-10-26,
14178_ID,2011-11-21,2011-11-24 00:00:00.000000000
14180_ID,2011-09-09,
14183_ID,2011-10-26,
14184_ID,2011-10-21,2011-11-30 00:00:00.000000000
02659_ID,2011-11-20,2011-11-22 00:00:00.000000000
13504_ID,2011-05-12,2011-11-22 00:00:00.000000000
13507_ID,2011-05-11,
13508_ID,2011-05-11,
13510_ID,2011-05-12,2010-11-08 00:00:00.000000000
13511_ID,2011-05-14,
13517_ID,2011-05-15,2011-05-18 00:00:00.000000000
13518_ID,2011-05-25,
13520_ID,2011-05-27,
13566_ID,2011-06-16,
13578_ID,2011-06-16,2011-05-18 00:00:00.000000000
13579_ID,2011-06-16,2011-05-18 00:00:00.000000000
13601_ID,2011-06-27,
13622_ID,2011-06-27,
13623_ID,2011-06-27,
13505_ID,2011-05-14,2011-05-18 00:00:00.000000000
13509_ID,2011-05-04,2011-05-07 00:00:00.000000000
13589_ID,2011-06-11,2011-06-15 00:00:00.000000000
13590_ID,2011-06-11,
13591_ID,2011-06-11,2011-06-15 00:00:00.000000000
13592_ID,2011-06-11,
13593_ID,2011-06-11,2011-06-15 00:00:00.000000000
14241_ID,2011-11-23,2011-12-01 00:00:00.000000000
13978_ID,2011-11-23,2011-11-30 23:59:59.999998976
13982_ID,2011-11-24,2011-12-01 00:00:00.000000000
14239_ID,2012-01-17,2011-12-04 11:59:59.999999744
14240_ID,2012-01-17,2011-10-29 23:59:59.999999744
14242_ID,2011-11-21,2011-11-01 23:59:59.999999744
14243_ID,2011-11-23,2011-11-22 00:00:00.000000000
14244_ID,2011-11-23,2011-11-30 23:59:59.999999744
14245_ID,2011-11-22,2011-12-03 00:00:00.000000000
13885_ID,2011-02-22,
13739_ID,2011-05-16,2011-12-01 00:00:00.000000000
13740_ID,2011-05-16,2011-12-01 00:00:00.000000000
13784_ID,2011-05-13,2011-04-23 00:00:00.000000000
13785_ID,2011-05-13,2011-05-14 00:00:00.000000000
13723_ID,2011-04-15,2010-11-03 00:00:00.000000000
13726_ID,2011-04-15,
13727_ID,2011-05-14,
13728_ID,2011-05-14,2011-05-13 00:00:00.000000000
13729_ID,2011-05-14,2011-05-27 00:00:00.000000000
13730_ID,2011-05-14,
13756_ID,2011-05-15,2011-12-01 00:00:00.000000000
13757_ID,2011-05-15,2011-11-22 00:00:00.000000000
13768_ID,2011-05-16,2011-12-01 00:00:00.000000000
13769_ID,2011-05-16,2010-11-19 00:00:00.000000000
13770_ID,2011-05-16,2011-12-01 00:00:00.000000000
13771_ID,2011-05-16,2011-12-01 00:00:00.000000000
13772_ID,2011-05-16,2011-12-01 00:00:00.000000000
13773_ID,2011-05-16,2011-05-25 12:00:00.000000000
13796_ID,2011-05-16,2011-05-25 00:00:00.000000256
13797_ID,2011-05-16,2011-05-25 00:00:00.000000000
13798_ID,2011-05-16,2011-05-25 00:00:00.000000000
13799_ID,2011-05-16,
13800_ID,2011-05-16,2011-05-25 00:00:00.000000000
13801_ID,2011-05-16,
13802_ID,2011-05-16,2011-05-25 00:00:00.000000000
13803_ID,2011-05-16,
13804_ID,2011-05-16,
13805_ID,2011-05-16,2011-05-25 00:00:00.000000000
13806_ID,2011-05-16,2011-05-18 00:00:00.000000000
13807_ID,2011-05-16,2011-05-25 00:00:00.000000000
02461_ID,2011-10-16,
02666_ID,2011-11-01,2011-11-15 00:00:00.000000000
02667_ID,2011-11-01,
14175_ID,2011-10-20,2011-10-30 00:00:00.000000000
14177_ID,2011-09-14,
02660_ID,2011-11-16,
02661_ID,2011-11-21,2011-11-22 00:00:00.000000256
02662_ID,2011-10-11,2011-11-22 00:00:00.000000000
02663_ID,2011-10-11,
02668_ID,2011-09-09,
02669_ID,2011-11-12,
01153_ID,2011-05-01,
02182_ID,2011-06-15,2011-05-07 00:00:00.000000000
02191_ID,2011-05-12,2011-05-16 00:00:00.000000000
02181_ID,2011-05-09,2011-05-07 00:00:00.000000000
02184_ID,2011-05-09,2011-05-13 00:00:00.000000000
02185_ID,2011-05-15,
02189_ID,2011-05-16,2011-05-18 00:00:00.000000000
02237_ID,2011-05-27,
02238_ID,2011-05-27,
02192_ID,2011-05-12,2010-10-18 00:00:00.000000000
02193_ID,2011-05-12,
02475_ID,2011-10-11,
02628_ID,2011-10-05,2011-10-14 00:00:00.000000000
02629_ID,2011-08-28,
02631_ID,2011-08-27,2011-05-18 00:00:00.000000000
02635_ID,2011-11-16,2011-11-15 00:00:00.000000000
02636_ID,2011-09-11,
02652_ID,2011-10-20,2011-10-21 00:00:00.000000000
02655_ID,2011-11-19,2011-11-22 00:00:00.000000000
02657_ID,2011-11-12,
02623_ID,2011-11-20,
02625_ID,2011-11-16,2011-11-20 00:00:00.000000000
02627_ID,2011-11-12,2011-05-09 00:00:00.000000000
02630_ID,2011-07-19,
02632_ID,2011-11-16,
02637_ID,2011-10-22,2011-10-21 00:00:00.000000000
02638_ID,2011-10-22,2011-10-21 00:00:00.000000000
02642_ID,2011-10-06,
02648_ID,2011-11-12,
02650_ID,2011-10-07,
02651_ID,2011-10-17,2011-10-21 00:00:00.000000000
02653_ID,2011-11-15,2011-10-21 00:00:00.000000000
02654_ID,2011-11-15,
02445_ID,2011-02-05,2011-02-09 00:00:00.000000000
02446_ID,2011-02-06,2011-02-14 00:00:00.000000000
02213_ID,2011-05-09,
02214_ID,2011-05-16,2011-05-09 00:00:00.000000000
02219_ID,2011-05-29,2011-05-18 00:00:00.000000000
02240_ID,2011-06-09,2011-05-09 00:00:00.000000000
02215_ID,2011-05-11,
18129_ID,2012-07-01,
05264_ID,2012-07-01,
05378_ID,2012-07-01,
05563_ID,2012-07-01,
05602_ID,2012-07-01,
06891_ID,2012-07-01,
14477_ID,2012-10-12,
13965_ID,2012-02-10,2012-02-20 23:59:59.999998208
13966_ID,2012-02-10,2012-02-21 00:00:00.000000256
13967_ID,2012-02-10,2012-02-24 00:00:00.000000000
14277_ID,2012-10-06,
12221_ID,2012-11-20,2012-12-03 00:00:00.000000000
13931_ID,2012-05-28,2013-03-27 00:00:00.000000000
14141_ID,2012-05-29,
12222_ID,2012-11-15,
12367_ID,2012-11-17,2012-11-21 00:00:00.000000000
15829_ID,2012-11-24,2012-11-17 00:00:00.000000000
13958_ID,2012-03-12,2012-03-17 00:00:00.000000000
14266_ID,2012-12-10,
14095_ID,2012-06-24,2012-06-30 00:00:00.000000000
14096_ID,2012-06-24,2012-06-30 00:00:00.000000000
14097_ID,2012-06-26,
14109_ID,2012-06-18,
14110_ID,2012-06-18,
14112_ID,2012-06-18,
14186_ID,2012-06-07,
14220_ID,2012-06-26,
14223_ID,2012-06-26,2012-06-18 00:00:00.000000000
14224_ID,2012-06-26,
14225_ID,2012-06-26,
12236_ID,2012-09-16,
12249_ID,2012-07-01,
15828_ID,2012-10-26,2012-10-27 00:00:00.000000000
14357_ID,2012-11-15,
13991_ID,2012-04-01,2012-04-07 00:00:00.000000000
14154_ID,2012-05-29,2012-06-02 00:00:00.000000000
15831_ID,2012-11-22,2012-11-16 23:59:59.999999488
13942_ID,2012-01-08,
02689_ID,2012-09-15,2011-10-19 00:00:00.000000000
14164_ID,2012-05-30,
04032_ID,2012-10-20,2013-11-09 00:00:00.000000000
04033_ID,2012-10-25,2012-10-27 00:00:00.000000000
04035_ID,2012-11-09,
04034_ID,2012-11-09,
02472_ID,2012-01-29,2012-02-05 00:00:00.000000256
02710_ID,2012-10-10,
02713_ID,2012-10-06,2012-10-18 00:00:00.000000000
02620_ID,2012-05-26,2012-06-03 00:00:00.000000000
01151_ID,2012-09-15,2012-09-23 00:00:00.000000000
01155_ID,2012-09-15,2012-09-16 00:00:00.000000000
02618_ID,2012-06-05,2011-11-22 00:00:00.000000000
02621_ID,2012-05-30,
01163_ID,2012-11-19,2012-11-17 00:00:00.000000000
01164_ID,2012-11-15,
02619_ID,2012-05-25,2012-05-27 00:00:00.000000000
02883_ID,2013-04-30,
05256_ID,2013-07-01,
05295_ID,2013-07-01,
05336_ID,2013-07-01,
14280_ID,2013-01-03,
14510_ID,2013-12-09,
14511_ID,2013-11-01,
20156_ID,2013-10-18,
14259_ID,2013-01-01,2013-01-02 00:00:00.000000000
17956_ID,2013-02-13,2013-02-19 00:00:00.000000000
14725_ID,2013-11-04,
14788_ID,2013-12-12,2013-12-13 00:00:00.000000512
14736_ID,2013-12-11,2013-12-13 00:00:00.000000000
14747_ID,2013-12-06,2013-11-02 00:00:00.000000000
14762_ID,2013-12-11,2013-12-13 00:00:00.000000000
14785_ID,2013-11-28,2013-11-09 00:00:00.000000000
14786_ID,2013-11-28,
14787_ID,2013-11-28,
14789_ID,2013-12-19,
14791_ID,2013-12-12,2013-12-13 00:00:00.000000000
14793_ID,2013-11-21,
14796_ID,2013-12-28,
14797_ID,2013-11-15,2013-11-09 00:00:00.000000000
14798_ID,2013-11-21,
11869_ID,2013-06-21,
14446_ID,2013-06-12,2012-06-30 00:00:00.000000000
14274_ID,2013-02-12,2013-02-19 00:00:00.000000000
11929_ID,2013-04-30,2013-11-09 00:00:00.000000000
14643_ID,2013-07-02,2013-09-29 12:00:00.000000000
14567_ID,2013-11-08,2013-11-08 00:00:00.000000000
14568_ID,2013-11-08,2013-10-28 00:00:00.000000000
14573_ID,2013-11-08,2013-11-16 00:00:00.000000000
14630_ID,2013-11-08,
14634_ID,2013-11-08,
14808_ID,2013-12-10,
14810_ID,2013-11-28,2013-11-09 00:00:00.000000000
02912_ID,2013-11-08,
02913_ID,2013-11-08,
02918_ID,2013-11-08,2013-10-28 00:00:00.000000000
02921_ID,2013-11-08,2013-11-13 00:00:00.000000000
02922_ID,2013-11-08,2013-10-28 00:00:00.000000000
02923_ID,2013-11-08,
02924_ID,2013-11-14,2013-10-28 00:00:00.000000000
01166_ID,2013-05-25,2012-06-03 00:00:00.000000000
01310_ID,2013-05-17,
01312_ID,2013-05-17,
01313_ID,2013-05-17,
01896_ID,2013-02-18,2013-02-19 00:00:00.000000000
02712_ID,2013-02-04,2013-02-12 00:00:00.000000000
02718_ID,2013-02-28,2013-03-07 00:00:00.000000000
01158_ID,2013-05-23,
02998_ID,2013-12-30,2014-01-05 00:00:00.000000000
03099_ID,2013-10-14,2013-10-17 00:00:00.000000000
03101_ID,2013-10-22,2013-10-27 23:59:59.999999744
03104_ID,2013-10-23,2013-10-28 00:00:00.000000512
03105_ID,2013-10-25,2013-10-28 00:00:00.000000000
03106_ID,2013-10-25,
03107_ID,2013-10-28,2013-10-30 00:00:00.000000000
03096_ID,2013-10-14,
03097_ID,2013-10-21,
03103_ID,2013-10-02,2013-10-14 00:00:00.000000000
03108_ID,2013-11-03,
15181_ID,2014-12-17,2014-12-25 00:00:00.000000000
15183_ID,2014-12-14,2014-12-18 00:00:00.000000000
15184_ID,2014-12-10,2014-12-14 00:00:00.000000000
15185_ID,2014-12-10,2014-12-18 00:00:00.000000000
15229_ID,2014-11-05,2014-08-23 00:00:00.000000000
15111_ID,2014-12-18,2014-12-25 00:00:00.000000000
15179_ID,2014-10-15,2014-10-22 00:00:00.000000000
15197_ID,2014-12-16,2014-12-25 00:00:00.000000000
15211_ID,2014-10-14,
15221_ID,2014-12-24,
15222_ID,2014-12-24,
15225_ID,2014-12-03,2014-10-13 00:20:29.704462336
15230_ID,2014-12-30,2014-11-25 00:00:00.000000000
14908_ID,2014-09-22,
14911_ID,2014-09-21,2014-09-24 00:00:00.000000000
14698_ID,2014-04-24,
14737_ID,2014-04-26,
14739_ID,2014-04-10,
14740_ID,2014-04-10,
14741_ID,2014-04-09,
14743_ID,2014-04-04,2014-04-11 00:00:00.000000000
14744_ID,2014-04-24,
14745_ID,2014-04-24,
14749_ID,2014-04-04,2014-04-11 00:00:00.000000256
14790_ID,2014-01-06,2014-01-12 00:00:00.000000000
14992_ID,2014-11-19,
14993_ID,2014-09-19,2014-09-20 00:00:00.000000000
14995_ID,2014-10-14,2014-10-22 00:00:00.000000000
14998_ID,2014-11-05,
14996_ID,2014-10-28,
14997_ID,2014-10-28,2014-11-05 00:00:00.000000000
14680_ID,2014-02-24,
14686_ID,2014-04-09,
14585_ID,2014-05-13,
14733_ID,2014-01-03,2014-01-11 00:00:00.000000000
14734_ID,2014-01-18,2014-01-25 00:00:00.000000000
14799_ID,2014-06-06,2014-11-05 00:00:00.000000000
14804_ID,2014-04-03,2014-04-08 00:00:00.000000000
14806_ID,2014-01-11,2013-12-13 00:00:00.000000000
14807_ID,2014-01-09,2013-11-23 00:00:00.000000000
03148_ID,2014-12-11,
03252_ID,2014-12-08,2015-11-08 00:00:00.000000000
03255_ID,2014-10-13,
03265_ID,2014-10-10,
03266_ID,2014-10-10,2014-10-10 00:00:00.000000000
03271_ID,2014-11-15,2015-09-20 00:00:00.000000000
03272_ID,2014-12-03,
03251_ID,2014-11-05,2014-10-15 00:00:00.000000256
03260_ID,2014-10-15,2015-05-02 00:00:00.000000000
03329_ID,2014-07-01,
03330_ID,2014-07-01,2015-05-06 00:00:00.000000000
03334_ID,2014-10-17,2014-10-22 00:00:00.000000000
03342_ID,2014-08-27,2014-09-20 00:00:00.000000000
03347_ID,2014-10-30,2015-04-16 00:00:00.000000000
03014_ID,2014-01-12,2014-01-14 00:00:00.000000000
03035_ID,2014-03-12,2014-03-16 00:00:00.000000000
03415_ID,2014-12-31,2015-01-01 00:00:00.000000000
03428_ID,2014-12-21,2014-12-25 00:00:00.000000000
03070_ID,2014-06-06,
03094_ID,2014-06-05,
03253_ID,2014-10-13,2014-10-17 00:00:00.000000000
03258_ID,2014-11-04,
03268_ID,2014-10-24,2014-10-31 00:00:00.000000000
03276_ID,2014-08-11,2014-08-09 22:27:03.938559744
03317_ID,2014-09-17,2014-09-20 00:00:00.000000000
03321_ID,2014-09-18,2014-09-20 00:00:00.000000000
03322_ID,2014-11-04,
03335_ID,2014-10-14,2014-10-22 00:00:00.000000000
03336_ID,2014-09-16,
03337_ID,2014-09-25,2015-05-06 00:00:00.000000000
03348_ID,2014-10-15,2014-10-22 00:00:00.000000256
03135_ID,2015-04-21,2015-04-25 00:00:00.000000000
03655_ID,2015-11-23,2015-11-26 00:00:00.000000000
14901_ID,2015-04-29,
15113_ID,2015-03-13,
15118_ID,2015-02-24,
15123_ID,2015-01-26,
15125_ID,2015-03-14,
15133_ID,2015-03-11,2015-02-07 00:00:00.000000000
15134_ID,2015-03-16,
15139_ID,2015-03-11,2015-02-04 00:00:00.000000000
15144_ID,2015-03-12,2015-03-06 00:00:00.000000000
15148_ID,2015-03-16,2015-02-08 08:06:44.974199040
15149_ID,2015-03-16,2015-02-16 00:00:00.000000000
15182_ID,2015-04-28,2015-04-02 00:00:00.000000000
15189_ID,2015-04-21,
15190_ID,2015-04-21,
15191_ID,2015-04-20,2015-04-27 01:33:25.394121728
15196_ID,2015-03-25,2015-04-02 00:00:00.000000000
15198_ID,2015-04-07,2014-04-10 00:00:00.000000000
15199_ID,2015-05-13,2015-05-20 00:00:00.000000000
15200_ID,2015-04-28,
15201_ID,2015-04-01,2014-12-18 00:00:00.000000000
15202_ID,2015-04-01,2014-12-07 00:00:00.000000000
15210_ID,2015-03-27,2014-12-18 00:07:17.776939008
15216_ID,2015-04-20,
15217_ID,2015-04-20,2015-10-11 00:00:00.000000000
15223_ID,2015-04-21,2015-04-27 00:00:00.000000000
15226_ID,2015-04-20,2015-05-02 00:00:00.000000000
15227_ID,2015-04-20,2015-04-27 02:42:44.162874368
15228_ID,2015-04-20,2015-04-27 00:00:00.000000000
15203_ID,2015-04-17,
15306_ID,2015-10-01,2015-10-09 00:00:00.000000000
15309_ID,2015-10-14,2015-11-21 00:00:00.000000000
20174_ID,2015-11-15,2015-11-21 00:00:00.000000000
15436_ID,2015-11-21,2015-11-23 00:00:00.000000000
15439_ID,2015-12-22,2015-12-28 00:00:00.000000000
15451_ID,2015-09-25,2015-10-20 00:00:00.000000000
15453_ID,2015-10-11,2015-10-20 04:33:33.765665792
15454_ID,2015-10-27,
15455_ID,2015-11-12,2015-11-21 00:00:00.000000000
15456_ID,2015-09-22,2015-11-14 23:59:59.999999744
15457_ID,2015-11-08,2015-11-14 23:59:59.999999744
15461_ID,2015-12-17,
15463_ID,2015-12-12,
15460_ID,2015-11-11,2015-12-02 23:59:59.999999744
15507_ID,2015-11-06,2015-11-14 23:59:59.999999488
15002_ID,2015-04-21,
15003_ID,2015-04-21,
14927_ID,2015-01-09,2015-01-10 00:00:00.000000000
14932_ID,2015-02-22,2015-03-01 00:00:00.000000000
14934_ID,2015-03-12,2015-03-24 00:00:00.000000000
14938_ID,2015-05-15,
15311_ID,2015-10-07,2015-10-11 00:00:00.000000000
15573_ID,2015-12-28,
15578_ID,2015-12-28,2015-12-31 00:00:00.000000000
15001_ID,2015-05-13,
15004_ID,2015-04-26,2015-05-04 00:00:00.000000000
15005_ID,2015-05-14,2015-05-20 00:00:00.000000000
15006_ID,2015-05-05,
15314_ID,2015-10-26,2015-10-11 00:00:00.000000000
15315_ID,2016-04-16,2015-11-12 06:31:24.869547008
15316_ID,2016-04-16,2016-11-01 00:00:00.000000000
15317_ID,2015-10-17,2015-10-21 00:00:00.000000000
15318_ID,2015-09-22,2015-09-23 00:00:00.000000000
15319_ID,2015-09-26,2015-09-21 00:00:00.000000000
15322_ID,2015-11-10,
15323_ID,2015-09-03,
15000_ID,2015-04-22,
15012_ID,2015-05-15,2015-10-21 00:00:00.000000000
15013_ID,2015-05-15,
15017_ID,2015-06-30,
15018_ID,2015-06-30,
15320_ID,2015-10-17,2015-10-21 00:00:00.000000000
15533_ID,2015-09-17,
15536_ID,2015-09-21,2015-10-01 00:04:29.537558272
15434_ID,2015-12-11,2015-10-11 00:00:00.000000000
15466_ID,2015-12-16,2014-12-18 00:00:00.000000000
15488_ID,2015-12-01,2015-12-10 00:42:09.117488640
15489_ID,2015-12-01,2015-12-10 00:00:00.000000000
15528_ID,2015-10-21,2015-11-05 00:00:00.000000512
15529_ID,2015-11-06,2015-11-16 23:59:59.999998720
15530_ID,2015-11-06,2015-11-17 00:00:00.000000000
15531_ID,2015-09-09,2015-12-21 00:00:00.000000000
15535_ID,2015-10-07,2015-10-15 02:41:25.459940352
15541_ID,2015-09-24,
15542_ID,2015-09-24,2015-10-08 00:00:00.000000000
15546_ID,2015-09-17,
14941_ID,2015-05-15,
15579_ID,2015-12-10,2015-12-17 00:00:00.000000000
03151_ID,2015-05-15,
03152_ID,2015-01-05,
03159_ID,2015-01-05,2015-11-03 00:00:00.000000000
03167_ID,2015-05-15,
03168_ID,2015-05-18,
03172_ID,2015-01-30,2015-02-07 00:00:00.000000000
03992_ID,2015-11-21,2016-05-15 12:00:00.000000000
03257_ID,2015-04-26,2015-10-07 00:00:00.000000000
03273_ID,2015-05-15,2015-05-24 00:00:00.000000256
03644_ID,2015-09-25,2015-10-07 00:00:00.000000000
03646_ID,2015-09-18,2015-09-23 00:00:00.000000000
03648_ID,2015-09-30,2015-10-06 23:59:59.999999488
03649_ID,2015-11-06,2015-10-20 03:32:28.000000000
03650_ID,2015-11-11,2015-11-15 00:00:00.000000000
03651_ID,2015-11-24,2015-11-08 00:00:00.000000000
03657_ID,2015-10-08,2015-10-07 00:00:00.000000000
03658_ID,2015-09-24,2016-01-13 00:00:00.000000000
03660_ID,2015-09-18,2015-09-23 00:00:00.000000000
03274_ID,2015-04-26,2015-05-02 00:00:00.000000000
03659_ID,2015-10-09,2015-10-10 23:59:59.999999744
03662_ID,2015-10-24,2015-10-29 00:00:00.000000000
03663_ID,2015-10-24,2015-10-22 00:00:00.000000000
03664_ID,2015-10-24,2015-10-29 00:00:00.000000000
03600_ID,2015-04-01,
03603_ID,2015-09-16,2015-02-07 00:00:00.000000000
04044_ID,2015-09-16,
04045_ID,2015-09-16,
04046_ID,2015-09-16,
04049_ID,2015-09-16,
04050_ID,2015-09-16,
04052_ID,2015-09-16,
04054_ID,2015-09-16,
04056_ID,2015-09-16,
03611_ID,2015-08-27,
03620_ID,2015-09-27,2015-10-08 23:27:31.776235264
03420_ID,2015-01-06,
03421_ID,2015-01-10,2015-01-08 00:00:00.000000000
03438_ID,2015-02-08,2015-09-28 00:00:00.000000000
03439_ID,2015-02-02,2015-11-26 00:00:00.000000000
03440_ID,2015-03-03,2015-02-07 00:00:00.000000000
03441_ID,2015-03-03,2015-02-06 00:00:00.000000000
03445_ID,2015-02-06,2015-07-23 12:00:00.000000000
03553_ID,2015-05-16,2015-05-11 00:00:00.000000000
03634_ID,2015-11-15,2015-11-17 00:00:00.000000000
03637_ID,2015-11-16,2015-11-22 00:00:00.000000000
03639_ID,2015-11-15,2015-11-25 23:59:59.999999744
03795_ID,2015-09-09,2015-09-16 00:00:00.000000000
03803_ID,2015-12-18,
03931_ID,2015-09-23,2015-09-25 00:00:00.000000000
03118_ID,2015-06-10,2015-01-08 00:00:00.000000000
03275_ID,2015-04-20,2015-04-25 00:00:00.000000000
03323_ID,2015-04-19,2015-04-25 00:00:00.000000256
03324_ID,2015-04-24,
03349_ID,2015-05-12,2015-05-25 00:00:00.000000256
03406_ID,2015-06-11,
03407_ID,2015-05-12,2015-05-19 23:59:59.999999744
03408_ID,2015-05-13,2015-05-22 23:59:59.999999744
03409_ID,2015-04-28,2015-05-04 00:00:00.000000000
03621_ID,2015-09-27,2015-09-29 08:58:33.595149056
03318_ID,2015-05-13,
03326_ID,2015-05-21,
03609_ID,2015-09-21,2015-09-23 00:00:00.000000256
03616_ID,2015-09-03,2015-09-11 00:00:00.000000000
03617_ID,2015-09-18,2015-09-16 00:00:00.000000256
03618_ID,2015-09-21,2015-09-22 23:59:30.874554880
03619_ID,2015-09-25,2015-09-28 00:00:00.000000256
03626_ID,2015-10-16,
03627_ID,2015-10-16,2015-11-10 00:00:00.000000256
03629_ID,2015-10-28,2015-11-03 00:00:00.000000000
03631_ID,2015-11-04,2015-11-17 00:00:00.000000000
03632_ID,2015-11-07,
03984_ID,2015-07-01,
15334_ID,2016-01-14,
15554_ID,2016-01-01,2016-01-08 00:00:00.000000000
15906_ID,2016-10-23,
20175_ID,2016-03-21,
15556_ID,2016-05-20,
15899_ID,2016-10-12,
15904_ID,2016-10-25,
20177_ID,2016-09-14,
16138_ID,2016-11-30,2016-12-10 00:00:00.000000256
16139_ID,2016-11-30,
15441_ID,2016-01-10,
15443_ID,2016-03-30,2016-04-02 00:00:00.000000000
15931_ID,2016-11-15,2016-11-19 00:00:00.000000000
15459_ID,2016-04-02,
15464_ID,2016-03-19,2016-03-30 00:00:00.000000000
15465_ID,2016-03-21,
15467_ID,2016-04-06,
15468_ID,2016-04-06,
15469_ID,2016-04-06,
15470_ID,2016-04-06,
15473_ID,2016-04-06,
15475_ID,2016-04-09,2016-11-05 00:00:00.000000000
15476_ID,2016-04-23,
15506_ID,2016-04-22,
15508_ID,2016-04-21,2016-11-19 00:00:00.000000000
15509_ID,2016-04-21,
15940_ID,2016-11-28,2016-12-09 00:00:00.000000000
15943_ID,2016-11-01,2016-11-05 00:07:00.317641728
15946_ID,2016-11-21,
15947_ID,2016-11-08,2016-11-19 00:00:00.000000512
15948_ID,2016-11-08,
15949_ID,2016-12-05,2016-12-14 00:00:00.000000000
15950_ID,2016-12-05,
15955_ID,2016-12-06,
15981_ID,2016-10-22,2016-11-02 23:59:59.999999488
15452_ID,2016-03-22,
15944_ID,2016-11-21,2016-11-26 00:00:00.000000000
15945_ID,2016-11-21,2016-12-23 00:00:00.000000000
15474_ID,2016-04-05,
15502_ID,2016-05-04,
15991_ID,2016-10-19,2016-11-01 00:00:00.000000000
15992_ID,2016-10-24,2016-11-14 00:00:00.000000000
16021_ID,2016-11-26,2016-12-06 23:59:59.999999744
16034_ID,2016-12-22,2016-12-23 00:00:00.000000000
15581_ID,2016-04-16,
15586_ID,2016-05-13,2015-10-27 00:00:00.000000000
15587_ID,2016-04-22,
15589_ID,2016-04-22,
15590_ID,2016-04-22,
15593_ID,2016-05-13,2015-11-15 00:01:55.245309952
15594_ID,2016-03-30,
15595_ID,2016-06-01,
15909_ID,2016-10-11,2016-10-13 00:00:00.000000000
15910_ID,2016-11-09,
15911_ID,2016-11-08,
15916_ID,2016-10-22,2016-11-01 00:00:00.000000000
15986_ID,2016-10-18,2016-11-28 00:00:00.000000000
15988_ID,2016-10-31,
15993_ID,2016-10-22,2016-11-01 00:00:00.000000000
16022_ID,2016-10-26,
16023_ID,2016-08-25,
15526_ID,2016-04-08,
15447_ID,2016-01-02,2015-04-26 00:00:00.000000000
15930_ID,2016-11-14,2016-11-19 00:00:00.000000000
15934_ID,2016-11-02,
15937_ID,2016-12-21,2016-12-26 00:00:00.000000512
15938_ID,2016-12-21,
15975_ID,2016-11-06,
15976_ID,2016-10-12,2016-12-09 00:00:00.000000000
15977_ID,2016-12-05,2016-12-09 17:04:33.581143808
15978_ID,2016-10-27,
15979_ID,2016-11-19,2016-11-25 23:49:12.497265152
15980_ID,2016-12-20,2016-12-25 00:00:00.000000000
15487_ID,2016-04-09,2016-11-28 00:00:00.000000000
15490_ID,2016-03-04,2016-12-26 00:00:00.000000000
15491_ID,2016-04-10,
15527_ID,2016-04-07,
16153_ID,2016-10-22,2016-11-02 00:00:00.000000512
16155_ID,2016-10-22,2016-12-09 00:00:00.000000000
04067_ID,2016-11-09,2016-11-14 00:00:00.000000000
04315_ID,2016-11-01,2016-11-04 23:59:59.999999744
04316_ID,2016-10-03,2016-10-18 00:00:00.000000000
04323_ID,2016-10-28,2016-11-03 00:00:00.000000000
04335_ID,2016-10-13,2016-11-03 00:00:00.000000000
04337_ID,2016-10-30,2016-11-02 23:45:20.146578432
04338_ID,2016-10-30,2015-11-26 00:00:00.000000000
15582_ID,2016-03-15,
03993_ID,2016-02-15,2016-02-16 00:00:00.000000000
04004_ID,2016-04-03,2015-05-20 00:00:00.000000000
04005_ID,2016-04-03,
04006_ID,2016-04-07,
04322_ID,2016-10-21,2016-10-23 00:00:00.000000000
04317_ID,2016-10-26,
04336_ID,2016-10-22,2016-10-31 23:59:59.999999488
04051_ID,2016-04-01,
04055_ID,2016-04-01,2016-11-03 00:00:00.000000000
04529_ID,2016-09-16,2016-11-03 00:00:00.000000000
04530_ID,2016-09-16,2016-11-03 00:00:00.000000000
04531_ID,2016-09-16,
04534_ID,2016-09-16,
04058_ID,2016-07-15,2016-11-19 00:00:00.000000000
04102_ID,2016-07-12,
04293_ID,2016-10-28,2016-11-03 00:00:00.000000000
04063_ID,2016-11-08,
04074_ID,2016-07-07,2017-06-12 00:00:00.000000000
04075_ID,2016-07-07,2016-10-11 00:00:00.000000000
04079_ID,2016-08-26,2016-11-03 00:00:00.000000000
04080_ID,2016-09-21,2016-10-27 00:00:00.000000000
04081_ID,2016-10-21,2016-10-26 23:59:59.999999744
04083_ID,2016-10-12,2016-10-18 00:00:00.000000000
04084_ID,2016-10-12,2016-10-18 00:00:00.000000256
04085_ID,2016-10-13,2016-10-18 00:00:00.000000000
04086_ID,2016-10-21,2016-10-23 00:00:00.000000000
04087_ID,2016-10-22,2016-10-31 05:46:06.813342976
04088_ID,2016-10-30,2017-06-12 00:00:00.000000000
04090_ID,2016-10-23,2016-11-01 00:00:00.000000256
04091_ID,2016-10-25,2016-11-03 00:00:00.000000000
04093_ID,2016-10-26,2016-11-05 00:00:00.000000000
04094_ID,2016-10-31,2016-10-18 00:00:00.000000000
04095_ID,2016-10-31,
04097_ID,2016-11-02,2016-10-31 23:04:57.891459328
04098_ID,2016-11-07,2016-11-14 00:00:00.000000000
04099_ID,2016-11-09,2016-11-18 23:59:59.999999232
04100_ID,2016-09-02,2016-10-18 00:00:00.000000256
04101_ID,2016-09-02,2016-10-18 00:00:00.000000000
03975_ID,2016-05-04,
03983_ID,2016-04-16,2015-11-10 00:00:00.000000000
03938_ID,2016-01-09,2016-01-15 00:00:00.000000000
03943_ID,2016-01-17,
03946_ID,2016-02-10,2016-02-12 00:00:00.000000000
03952_ID,2016-03-14,2016-03-17 00:00:00.000000000
03957_ID,2016-01-18,2016-01-13 00:01:29.945994752
03988_ID,2016-04-06,2015-04-21 00:00:00.000000000
03989_ID,2016-04-06,2017-04-03 00:00:00.000000000
03990_ID,2016-05-31,2017-06-12 00:00:00.000000000
03991_ID,2016-04-22,2016-05-15 00:00:00.000000000
04312_ID,2017-03-30,
16182_ID,2017-01-18,2017-01-24 00:00:00.000000000
16177_ID,2017-06-02,2017-06-08 00:00:00.000000000
16373_ID,2017-11-08,2017-11-10 00:00:00.000000000
16374_ID,2017-11-08,2018-05-21 00:00:00.000000000
16488_ID,2017-12-27,
15957_ID,2017-01-16,
15958_ID,2017-01-19,
15959_ID,2017-01-22,2017-01-24 00:00:00.000000000
15960_ID,2017-01-22,
15969_ID,2017-04-04,
16120_ID,2017-03-31,2017-04-09 00:00:00.000000000
16122_ID,2017-05-02,2017-05-20 00:00:00.000000000
16123_ID,2017-05-02,2017-05-07 00:00:00.000000000
16148_ID,2017-05-02,2017-05-07 00:00:00.000000000
16225_ID,2017-11-01,2017-11-07 23:59:59.999999488
16235_ID,2017-10-31,2017-11-06 00:00:00.000000000
16236_ID,2017-07-06,2017-11-06 00:00:00.000000000
16237_ID,2017-07-06,2018-05-05 00:00:00.000000000
16238_ID,2017-11-15,
16239_ID,2017-11-15,
16246_ID,2017-12-11,
16247_ID,2017-12-11,2018-05-30 00:00:00.000000000
16248_ID,2017-12-11,
16259_ID,2017-11-01,2017-11-30 23:59:59.999999488
16260_ID,2017-11-01,2018-05-18 23:59:59.999999744
16264_ID,2017-12-13,2017-12-24 00:00:00.000000000
16268_ID,2017-11-04,2017-11-23 23:23:47.339426816
16226_ID,2017-11-26,2017-12-01 00:00:00.000000000
16243_ID,2017-11-25,2017-12-01 00:00:00.000000000
16244_ID,2017-11-22,
16031_ID,2017-05-01,2017-05-07 00:00:00.000000512
16032_ID,2017-04-28,
16039_ID,2017-01-25,2017-01-27 00:00:00.000000000
16041_ID,2017-02-08,
16043_ID,2017-01-26,2017-02-02 00:00:00.000000000
16338_ID,2017-10-12,2017-10-29 23:59:59.999999232
16339_ID,2017-10-02,2017-10-13 00:00:00.000000000
16341_ID,2017-10-31,
16380_ID,2017-09-06,
16381_ID,2017-10-30,
16382_ID,2017-10-30,
16383_ID,2017-10-30,
16384_ID,2017-10-24,
15994_ID,2017-05-16,
15995_ID,2017-05-16,
15996_ID,2017-05-16,
16337_ID,2017-11-02,2017-11-06 00:00:00.000000000
16377_ID,2017-10-31,2017-11-08 00:00:00.000000000
16379_ID,2017-10-04,2017-10-14 00:00:00.000000512
15989_ID,2017-03-29,2017-04-05 00:00:00.000000000
16478_ID,2017-10-09,
15974_ID,2017-04-10,
16276_ID,2017-10-31,2017-12-03 00:00:00.000000000
16278_ID,2017-12-12,2017-12-24 00:00:00.000000000
16472_ID,2017-12-25,2018-01-02 00:00:00.000000000
16218_ID,2017-11-22,2017-11-24 00:00:00.000000000
16222_ID,2017-11-26,2017-12-01 00:00:00.000000000
16223_ID,2017-11-21,2017-12-02 00:00:00.000000000
16232_ID,2017-11-06,2017-11-09 23:59:59.999998720
16233_ID,2017-10-30,
04324_ID,2017-05-06,2017-11-06 00:00:00.000000000
04504_ID,2017-06-12,2017-06-17 00:00:00.000000000
04802_ID,2017-11-03,2017-11-08 00:00:00.000000000
04803_ID,2017-10-12,2017-10-14 00:00:00.000000000
04804_ID,2017-08-09,2017-09-23 00:00:00.000000000
04805_ID,2017-08-09,2017-10-02 00:00:00.000000000
04806_ID,2017-08-09,
04807_ID,2017-10-20,2017-10-30 00:00:00.000000000
04808_ID,2017-10-23,2018-11-04 00:00:00.000000000
04828_ID,2017-10-29,2018-02-04 00:00:00.000000000
04829_ID,2017-10-29,2018-05-05 00:00:00.000000000
04830_ID,2017-10-29,2018-05-05 00:00:00.000000000
04831_ID,2017-09-07,2017-10-09 00:00:00.000000000
04833_ID,2017-10-05,2017-10-14 00:00:00.000000000
04826_ID,2017-09-14,2018-05-05 00:00:00.000000000
04325_ID,2017-03-25,
04326_ID,2017-03-25,
04327_ID,2017-05-07,2018-05-12 00:00:00.000000000
04330_ID,2017-03-29,
04331_ID,2017-03-29,
04334_ID,2017-03-27,2017-04-05 00:00:00.000000000
04528_ID,2017-04-01,
05024_ID,2017-09-16,
05029_ID,2017-09-16,2016-11-05 00:00:00.000000000
05033_ID,2017-09-16,2016-11-05 00:00:00.000000000
05034_ID,2017-09-16,
04763_ID,2017-10-31,2017-11-06 00:00:00.000000000
04764_ID,2017-10-31,
04291_ID,2017-01-05,2017-01-06 00:00:00.000000000
04292_ID,2017-01-08,2017-01-15 00:00:00.000000000
04296_ID,2017-02-08,2017-02-16 00:00:00.000000000
04413_ID,2017-01-26,2017-01-27 00:00:00.000000000
04397_ID,2017-03-29,2017-04-05 00:00:00.000000512
04405_ID,2017-05-03,2017-05-07 01:02:25.256950784
04412_ID,2017-05-13,2017-05-17 23:59:59.999999744
04415_ID,2017-06-06,2017-06-07 23:59:59.999999744
04395_ID,2017-03-28,2017-05-06 23:59:59.999999488
04398_ID,2017-04-06,2017-04-14 00:00:00.000000000
04400_ID,2017-04-10,2017-04-23 00:00:00.000000000
04403_ID,2017-03-31,2017-04-04 23:59:59.999999744
04411_ID,2017-05-12,2017-05-16 00:00:00.000000000
04414_ID,2017-06-09,2017-06-16 23:59:59.999999744
04553_ID,2017-08-28,
04554_ID,2017-08-28,2017-10-14 00:00:00.000000000
04555_ID,2017-08-28,
04558_ID,2017-09-05,2017-10-11 23:02:37.934366976
04559_ID,2017-09-05,2017-11-06 00:00:00.000000000
04569_ID,2017-10-24,2017-10-30 00:24:10.139387904
04570_ID,2017-10-06,
04571_ID,2017-10-30,2017-11-06 00:00:00.000000000
04572_ID,2017-10-30,2017-10-30 00:00:00.000000000
04574_ID,2017-10-31,2017-09-22 23:59:59.999998976
04575_ID,2017-11-01,2017-11-06 00:00:00.000000000
04576_ID,2017-11-04,2017-11-07 23:59:59.999999488
04754_ID,2017-11-21,2018-10-29 00:00:00.000000000
04755_ID,2017-11-21,2018-11-04 00:00:00.000000000
04853_ID,2017-12-01,
04771_ID,2018-05-01,
04774_ID,2018-05-03,
16375_ID,2018-05-10,
16451_ID,2018-05-23,2018-05-29 00:00:00.000000000
16483_ID,2018-05-24,
16498_ID,2018-05-24,
19291_ID,2018-10-10,
19427_ID,2018-12-04,2018-12-13 00:00:00.000000256
19433_ID,2018-12-10,2018-12-12 23:59:59.999999744
19384_ID,2018-11-04,2018-11-07 00:00:00.000000000
19386_ID,2018-10-25,
19387_ID,2018-10-28,2018-11-04 00:00:00.000000000
19388_ID,2018-10-27,2018-11-03 23:59:59.999999744
19405_ID,2018-12-30,
19406_ID,2018-12-02,
19407_ID,2018-12-02,
19423_ID,2018-11-04,2018-11-09 00:00:00.000000512
19424_ID,2018-11-14,2018-11-16 00:00:00.000000000
19428_ID,2018-11-30,
19429_ID,2018-11-01,2018-11-07 00:00:00.000000256
19430_ID,2018-12-29,2019-01-01 00:00:00.000000000
19431_ID,2019-01-11,2019-01-18 00:00:00.000000000
19448_ID,2018-11-16,
16458_ID,2018-05-21,2018-05-30 00:00:00.000000000
16265_ID,2018-03-19,
16279_ID,2018-01-07,
16283_ID,2018-03-30,2018-04-03 00:00:00.000000000
16284_ID,2018-03-30,2018-04-03 00:00:00.000000000
16285_ID,2018-03-30,2018-11-09 00:00:00.000000000
16289_ID,2018-03-30,2018-04-10 00:00:00.000000000
16290_ID,2018-03-30,
16292_ID,2018-04-02,2018-04-06 00:00:00.000000000
16322_ID,2018-04-30,2018-05-21 00:00:00.000001024
16328_ID,2018-04-26,2019-04-06 00:00:00.000000000
16330_ID,2018-05-09,2018-05-21 00:00:00.000000000
16340_ID,2018-05-15,
16342_ID,2018-05-19,2018-05-30 00:00:00.000000000
16300_ID,2018-04-10,2018-05-03 00:00:00.000000000
19228_ID,2018-10-25,2018-10-28 00:00:00.000000000
19294_ID,2018-10-02,
16370_ID,2018-05-15,2018-05-24 00:00:00.000000000
16371_ID,2018-05-02,
16393_ID,2018-04-28,
16397_ID,2018-03-16,2018-05-19 00:00:00.000000000
16398_ID,2018-05-16,
16399_ID,2018-05-17,
16400_ID,2018-05-17,
16401_ID,2018-05-17,
19229_ID,2018-10-27,2018-11-07 00:00:00.000000000
19230_ID,2018-10-27,2019-05-19 00:00:00.000000000
19287_ID,2018-11-08,2018-11-27 00:00:00.000000000
19288_ID,2018-11-13,2018-11-30 00:00:00.000000000
19300_ID,2018-10-09,
19301_ID,2018-10-09,
16394_ID,2018-05-08,
16395_ID,2018-05-08,2019-02-25 00:00:00.000000000
16403_ID,2018-06-08,2018-06-22 00:00:00.000000000
19295_ID,2018-10-08,
16457_ID,2018-05-24,2019-06-11 00:00:00.000000000
16479_ID,2018-05-05,
16504_ID,2018-01-29,
19373_ID,2018-11-08,2018-11-16 00:00:00.000000512
19374_ID,2018-11-14,2018-11-21 23:59:59.999999232
19379_ID,2018-10-17,
19381_ID,2018-11-08,2018-11-16 00:41:28.284516608
19382_ID,2018-10-26,2018-11-07 00:00:00.000000256
19383_ID,2018-11-11,
19408_ID,2018-12-03,2018-12-11 00:00:00.000000000
19409_ID,2018-12-01,2018-12-20 00:00:00.000000512
16332_ID,2018-04-29,
16364_ID,2018-05-12,2018-05-21 00:00:00.000000000
16365_ID,2018-05-12,
16366_ID,2018-05-12,
16485_ID,2018-05-24,
16343_ID,2018-04-29,2018-05-05 00:00:00.000000000
16344_ID,2018-04-28,2018-05-15 00:00:00.000000256
16345_ID,2018-04-28,
16346_ID,2018-04-28,2018-05-21 00:00:00.000000000
16347_ID,2018-04-28,
19296_ID,2018-09-26,2018-10-29 00:00:00.000000256
04791_ID,2018-05-11,2018-05-19 00:00:00.000000000
04824_ID,2018-05-16,
04825_ID,2018-05-16,
04827_ID,2018-05-04,2018-05-12 00:00:00.000000000
08245_ID,2018-11-06,
08246_ID,2018-11-07,2018-11-16 00:00:00.000000000
08248_ID,2018-10-16,2018-10-28 00:00:00.000000000
08251_ID,2018-10-28,
08254_ID,2018-10-23,2019-05-17 00:00:00.000000000
08255_ID,2018-10-23,2017-11-04 00:00:00.000000000
08257_ID,2018-10-16,2017-10-30 00:00:00.000000000
08258_ID,2018-11-02,2017-11-24 00:00:00.000000000
08259_ID,2018-11-02,2017-11-06 00:00:00.000000000
08260_ID,2018-11-02,2017-11-06 00:00:00.000000000
08262_ID,2018-10-30,2018-11-04 00:00:00.000000000
08263_ID,2018-10-30,
08267_ID,2018-09-21,2019-05-17 00:00:00.000000000
08268_ID,2018-09-21,2019-05-17 00:00:00.000000000
08271_ID,2018-10-26,
04835_ID,2018-05-01,2018-05-10 00:00:00.000000256
08249_ID,2018-10-01,2018-10-29 00:00:00.000000000
08250_ID,2018-10-29,2018-11-13 00:00:00.000000000
04848_ID,2018-02-25,
04865_ID,2018-05-24,
05027_ID,2018-04-01,
05028_ID,2018-04-01,
05030_ID,2018-04-01,
05035_ID,2018-04-01,
05036_ID,2018-04-01,
04776_ID,2018-04-29,2018-05-05 00:00:00.000000000
04777_ID,2018-04-30,2018-05-08 00:00:00.000000000
04781_ID,2018-04-11,2018-04-28 16:00:36.129841920
04787_ID,2018-05-10,
04779_ID,2018-04-09,2018-01-25 00:00:00.000000000
04786_ID,2018-05-05,2018-05-12 04:10:32.244962816
04849_ID,2018-01-29,
04855_ID,2018-01-14,2018-01-20 18:25:00.079218688
04856_ID,2018-01-14,2018-05-30 00:00:00.000000000
04893_ID,2018-05-05,2017-05-25 00:00:00.000000000
08345_ID,2018-12-16,
08384_ID,2018-10-26,2018-11-04 00:00:00.000000000
08390_ID,2018-10-25,2019-09-29 00:00:00.000000000
08391_ID,2018-10-29,
08393_ID,2018-10-28,2019-04-26 23:59:59.999999744
08394_ID,2018-10-28,2018-10-28 00:00:00.000000000
08397_ID,2018-11-03,
08400_ID,2018-11-03,
08405_ID,2018-11-06,
08406_ID,2018-11-06,
08556_ID,2018-10-16,2018-11-04 00:00:00.000000000
08557_ID,2018-07-10,2018-11-04 00:00:00.000000000
08558_ID,2018-07-10,
08560_ID,2018-08-27,2018-09-27 00:00:00.000000000
08562_ID,2018-09-27,2018-10-16 00:00:00.000000000
08563_ID,2018-09-27,2018-10-17 00:00:00.000000000
08565_ID,2018-10-01,
08571_ID,2018-10-02,
08572_ID,2018-10-02,
08573_ID,2018-10-02,
08574_ID,2018-10-02,
08579_ID,2018-10-02,
08581_ID,2018-10-09,2018-10-17 00:00:00.000000000
08582_ID,2018-10-16,
08564_ID,2018-09-28,2019-05-09 14:15:00.226213120
08274_ID,2019-05-29,
19471_ID,2019-01-02,
09320_ID,2019-12-15,2019-12-21 00:00:00.000000000
19389_ID,2019-05-21,2019-06-02 00:00:00.000000000
19587_ID,2019-11-05,2019-11-09 00:00:00.000000000
19618_ID,2019-07-16,
20204_ID,2019-08-01,
20205_ID,2019-08-01,
19797_ID,2019-12-06,2019-12-12 00:00:00.000000000
19426_ID,2019-04-26,
19439_ID,2019-03-29,2019-04-06 00:00:00.000000000
19450_ID,2019-04-24,2019-06-11 00:00:00.000000000
19451_ID,2019-04-24,2019-06-11 00:00:00.000000000
19452_ID,2019-04-24,
19454_ID,2019-04-27,
19610_ID,2019-11-06,2019-11-11 23:59:59.999999744
19637_ID,2019-10-21,2019-10-27 00:08:19.421965312
19391_ID,2019-04-17,
19404_ID,2019-03-29,2019-04-06 00:00:00.000000000
19434_ID,2019-03-26,2019-04-26 23:59:59.999999744
19435_ID,2019-03-26,2019-05-22 00:00:00.000000512
19440_ID,2019-03-31,
19446_ID,2019-04-09,2019-04-18 00:00:00.000000000
19611_ID,2019-11-05,2019-11-12 00:00:00.000000000
19612_ID,2019-11-05,
19613_ID,2019-11-05,
19625_ID,2019-10-18,
19629_ID,2019-11-22,2019-12-14 00:00:00.000000000
19630_ID,2019-11-22,2019-11-30 00:00:00.000000000
19651_ID,2019-11-27,2019-11-30 00:00:00.000000000
19588_ID,2019-11-15,
19595_ID,2019-11-24,
19590_ID,2019-11-12,2019-11-28 00:00:00.000000000
19609_ID,2019-11-25,
19298_ID,2019-04-26,2019-05-04 00:00:00.000000000
19299_ID,2019-05-10,
19368_ID,2019-05-11,
19369_ID,2019-05-11,
19380_ID,2019-05-11,2018-06-22 00:00:00.000000000
19460_ID,2019-09-28,2019-10-08 00:00:00.000000000
19596_ID,2019-09-26,2019-09-29 00:00:00.000000000
19597_ID,2019-08-12,
19602_ID,2019-09-25,2019-11-12 00:00:00.000000000
19603_ID,2019-09-25,2019-11-12 00:00:00.000000000
19604_ID,2019-09-25,
19631_ID,2019-10-24,2019-11-01 12:00:00.000000000
19930_ID,2019-10-21,2019-10-27 00:00:00.000000000
19297_ID,2019-04-23,2019-04-27 00:00:00.000000000
19302_ID,2019-05-09,
19303_ID,2019-05-09,2019-06-09 00:00:00.000000000
19304_ID,2019-05-09,2018-06-22 00:00:00.000000000
19305_ID,2019-05-09,
19306_ID,2019-05-09,2019-06-25 00:00:00.000000000
19307_ID,2019-05-09,2019-06-09 00:00:00.000000000
19378_ID,2019-04-24,2018-11-07 00:00:00.000000000
19467_ID,2019-02-19,2019-02-23 23:59:59.999999488
19499_ID,2019-06-06,
19504_ID,2019-06-06,2019-11-07 00:00:00.000000000
19505_ID,2019-06-06,2019-06-09 00:00:00.000000000
19412_ID,2019-01-14,
19607_ID,2019-11-17,2019-11-25 00:00:00.000000000
19608_ID,2019-11-24,
19649_ID,2019-10-22,2019-11-04 23:59:59.999999488
19677_ID,2019-11-07,2019-11-12 00:00:00.000000000
19678_ID,2019-10-19,2019-10-27 00:00:00.000000000
19679_ID,2019-11-11,2019-11-16 00:00:00.000000000
19680_ID,2019-12-10,
19681_ID,2019-12-10,
19682_ID,2019-11-25,2019-12-02 23:59:59.999999744
08266_ID,2019-05-03,
08841_ID,2019-10-09,2019-10-20 00:00:00.000000256
08842_ID,2019-10-18,
08846_ID,2019-10-25,2019-10-27 00:00:00.000000000
08847_ID,2019-10-02,2019-05-17 00:00:00.000000000
08849_ID,2019-09-23,2019-12-21 00:00:00.000000000
09149_ID,2019-09-27,
09466_ID,2019-10-08,2019-10-22 00:00:00.000000000
09484_ID,2019-10-22,
09485_ID,2019-10-22,
08253_ID,2019-05-01,2018-05-19 00:00:00.000000000
08261_ID,2019-05-09,
08845_ID,2019-10-08,2019-10-20 00:00:00.000000000
08851_ID,2019-09-28,
09151_ID,2019-10-16,
08349_ID,2019-01-20,2019-01-21 00:00:00.000000000
08378_ID,2019-06-04,
09305_ID,2019-10-20,2019-10-27 00:00:00.000000000
09315_ID,2019-12-13,2019-12-21 00:00:00.000000000
09316_ID,2019-12-14,2019-12-20 23:59:59.999999232
08351_ID,2019-01-10,
08361_ID,2019-03-04,2019-03-12 00:00:00.000000000
09310_ID,2019-11-21,
09311_ID,2019-11-30,
08383_ID,2019-04-22,2019-05-01 23:59:59.999999744
08386_ID,2019-05-10,2019-05-17 23:59:59.999999744
08725_ID,2019-09-12,2019-09-13 00:00:00.000000000
08277_ID,2019-11-28,
08382_ID,2019-05-27,
08387_ID,2019-05-27,2019-06-02 00:00:00.000000000
08388_ID,2019-05-27,2019-06-11 00:00:00.000000000
08389_ID,2019-06-03,
08715_ID,2019-08-28,
08716_ID,2019-09-09,
08717_ID,2019-08-22,2019-10-27 00:00:00.000000000
08718_ID,2019-08-22,2019-11-12 00:00:00.000000000
08721_ID,2019-08-28,2019-10-27 00:00:00.000000000
08722_ID,2019-09-11,2019-10-20 00:00:00.000000000
08723_ID,2019-09-12,
08726_ID,2019-09-14,
08727_ID,2019-09-23,2019-10-20 00:00:00.000000256
08728_ID,2019-09-29,2019-10-02 00:00:00.000000000
08729_ID,2019-09-29,2019-11-12 00:00:00.000000000
08730_ID,2019-09-29,
08731_ID,2019-09-29,2019-09-29 00:00:00.000000000
08732_ID,2019-09-29,
08734_ID,2019-09-30,
08735_ID,2019-09-30,
08737_ID,2019-09-30,
08738_ID,2019-09-30,
08739_ID,2019-10-15,2019-10-20 00:00:00.000000000
08740_ID,2019-10-16,
08741_ID,2019-10-25,2019-10-27 00:00:00.000000000
08742_ID,2019-10-25,2019-10-22 00:00:00.000000000
08743_ID,2019-10-25,
08747_ID,2019-11-28,
08381_ID,2019-05-10,
